C:\Distr\,sqlite-tools-win32-x86-3350500.zip,2021-06-16 17:08:58.6366747 +0300 MSK,1902383,392fe6be89307a72f8502068611ada65
C:\Distr\,sqlitestudio-3.3.3.zip,2021-06-20 19:15:00.9339452 +0300 MSK,22673750,48965e2e8c1bf19cf83ffa62a01a461e
C:\Users\forma\OneDrive\Документы\Tessa\RU.98293548.506180-01 12 01\tessa-gos-tessa\src\Libraries\Tessa\Platform\,AssemblyHelper.cs,2021-06-23 17:21:11 +0300 MSK,17551,80e58ab565832c2d540d9314d15e6eb4
C:\Users\forma\OneDrive\Документы\Tessa\RU.98293548.506180-01 12 01\tessa-gos-tessa\src\Libraries\Tessa\Platform\,AssemblyLoaderHelper.cs,2021-06-23 17:21:11 +0300 MSK,20038,ad93602942b6a328572bcba8f896cce9
C:\Users\forma\OneDrive\Документы\Tessa\RU.98293548.506180-01 12 01\tessa-gos-tessa\src\Libraries\Tessa\Platform\,AsyncLazy`1.cs,2021-06-23 17:21:11 +0300 MSK,1112,68afe8ab551041d9c62dbd868de6e4b3
C:\Users\forma\OneDrive\Документы\Tessa\RU.98293548.506180-01 12 01\tessa-gos-tessa\src\Libraries\Tessa\Platform\,AsyncLock.cs,2021-06-23 17:21:11 +0300 MSK,3604,1d0f706242e32126d635ef050c465096
C:\Users\forma\OneDrive\Документы\Tessa\RU.98293548.506180-01 12 01\tessa-gos-tessa\src\Libraries\Tessa\Platform\,AsyncReaderWriterLock.cs,2021-06-23 17:21:11 +0300 MSK,6318,203d4929db96aca5c37a71d259a7777a
C:\Users\forma\OneDrive\Документы\Tessa\RU.98293548.506180-01 12 01\tessa-gos-tessa\src\Libraries\Tessa\Platform\,AsyncSignatureProvider.cs,2021-06-23 17:21:11 +0300 MSK,8699,07c6a23b10d80b6806a66d31a7cd5093
C:\Users\forma\OneDrive\Документы\Tessa\RU.98293548.506180-01 12 01\tessa-gos-tessa\src\Libraries\Tessa\Platform\,AsyncSynchronizedOneTimeRegistrator.cs,2021-06-23 17:21:11 +0300 MSK,2925,c3a49f04c0f0905ff1a25052736d1800
C:\Users\forma\OneDrive\Документы\Tessa\RU.98293548.506180-01 12 01\tessa-gos-tessa\src\Libraries\Tessa\Platform\,BeautifiedStackTrace.cs,2021-06-23 17:21:11 +0300 MSK,12389,5afcd24884092c5538db7e709022e494
C:\Users\forma\OneDrive\Документы\Tessa\RU.98293548.506180-01 12 01\tessa-gos-tessa\src\Libraries\Tessa\Platform\,BooleanBoxes.cs,2021-06-23 17:21:11 +0300 MSK,1999,51618a70b41e88e6c544f83564181476
C:\Users\forma\OneDrive\Документы\Tessa\RU.98293548.506180-01 12 01\tessa-gos-tessa\src\Libraries\Tessa\Platform\,BuildInfo.cs,2021-06-23 17:21:11 +0300 MSK,2439,636437f9e6cd11df8cf6814270bd4b7e
C:\Users\forma\OneDrive\Документы\Tessa\RU.98293548.506180-01 12 01\tessa-gos-tessa\src\Libraries\Tessa\Platform\,BuildInfoXmlObject.cs,2021-06-23 17:21:11 +0300 MSK,1916,add28c7a08e06a50ee90a218afdbc1a7
C:\Users\forma\OneDrive\Документы\Tessa\RU.98293548.506180-01 12 01\tessa-gos-tessa\src\Libraries\Tessa\Platform\,ButtonNames.cs,2021-06-23 17:21:11 +0300 MSK,892,d8e90c9be4df5875333fefc820afd51d
C:\Users\forma\OneDrive\Документы\Tessa\RU.98293548.506180-01 12 01\tessa-gos-tessa\src\Libraries\Tessa\Platform\,Check.cs,2021-06-23 17:21:11 +0300 MSK,5608,daa049126f630b6ae0dd5339642985fd
C:\Users\forma\OneDrive\Документы\Tessa\RU.98293548.506180-01 12 01\tessa-gos-tessa\src\Libraries\Tessa\Platform\,CollectionRecord.cs,2021-06-23 17:21:11 +0300 MSK,2271,efd0e28bca90bb77746b312a1d095dcd
C:\Users\forma\OneDrive\Документы\Tessa\RU.98293548.506180-01 12 01\tessa-gos-tessa\src\Libraries\Tessa\Platform\,CombSequentialGuidProvider.cs,2021-06-23 17:21:11 +0300 MSK,1614,545eaad2d0a589e0963b0a37281f4618
C:\Users\forma\OneDrive\Документы\Tessa\RU.98293548.506180-01 12 01\tessa-gos-tessa\src\Libraries\Tessa\Platform\,ComparisonHelper.cs,2021-06-23 17:21:11 +0300 MSK,13639,c08f691b77bccd6b1738946dfd540d1c
C:\Users\forma\OneDrive\Документы\Tessa\RU.98293548.506180-01 12 01\tessa-gos-tessa\src\Libraries\Tessa\Platform\,ConfigurationConnection.cs,2021-06-23 17:21:11 +0300 MSK,2075,ad41b55e9f310e4d1d55686e2f38f52a
C:\Users\forma\OneDrive\Документы\Tessa\RU.98293548.506180-01 12 01\tessa-gos-tessa\src\Libraries\Tessa\Platform\,ConfigurationDataProvider.cs,2021-06-23 17:21:11 +0300 MSK,10092,0072b43076bf02d2b1c1d926316fc442
C:\Users\forma\OneDrive\Документы\Tessa\RU.98293548.506180-01 12 01\tessa-gos-tessa\src\Libraries\Tessa\Platform\,ConfigurationError.cs,2021-06-23 17:21:11 +0300 MSK,3250,17a608fc73cddebf387098296fc32c63
C:\Users\forma\OneDrive\Документы\Tessa\RU.98293548.506180-01 12 01\tessa-gos-tessa\src\Libraries\Tessa\Platform\,ConfigurationManager.cs,2021-06-23 17:21:11 +0300 MSK,41305,37ffd2c5f3829edd7d158eba63506104
C:\Users\forma\OneDrive\Документы\Tessa\RU.98293548.506180-01 12 01\tessa-gos-tessa\src\Libraries\Tessa\Platform\,ConfigurationManagerContext.cs,2021-06-23 17:21:11 +0300 MSK,4744,a03a3710d34a739b30392475c136f7a3
C:\Users\forma\OneDrive\Документы\Tessa\RU.98293548.506180-01 12 01\tessa-gos-tessa\src\Libraries\Tessa\Platform\,ConfigurationObject.cs,2021-06-23 17:21:11 +0300 MSK,16109,bd407c790af0b0f24f86c7cd0e136abb
C:\Users\forma\OneDrive\Документы\Tessa\RU.98293548.506180-01 12 01\tessa-gos-tessa\src\Libraries\Tessa\Platform\,ConversionHelper.cs,2021-06-23 17:21:11 +0300 MSK,9917,82bc052cb6db1033dba8687518d220dd
C:\Users\forma\OneDrive\Документы\Tessa\RU.98293548.506180-01 12 01\tessa-gos-tessa\src\Libraries\Tessa\Platform\,DbScopeSequentialGuidProvider.cs,2021-06-23 17:21:11 +0300 MSK,2749,457fdfc0457c9d3956e3f62a126ca9ac
C:\Users\forma\OneDrive\Документы\Tessa\RU.98293548.506180-01 12 01\tessa-gos-tessa\src\Libraries\Tessa\Platform\,DebugHelper.cs,2021-06-23 17:21:11 +0300 MSK,3488,2e33b13a3c688026894229ccbe56cf90
C:\Users\forma\OneDrive\Документы\Tessa\RU.98293548.506180-01 12 01\tessa-gos-tessa\src\Libraries\Tessa\Platform\,DefaultTessaPlatformDependencies.cs,2021-06-23 17:21:11 +0300 MSK,12981,dee7b5c29ad9719ab0cc15d4a3734f6a
C:\Users\forma\OneDrive\Документы\Tessa\RU.98293548.506180-01 12 01\tessa-gos-tessa\src\Libraries\Tessa\Platform\,DefaultTessaServerDependencies.cs,2021-06-23 17:21:11 +0300 MSK,1481,d227a069e55a11d3530906cbe2919dc7
C:\Users\forma\OneDrive\Документы\Tessa\RU.98293548.506180-01 12 01\tessa-gos-tessa\src\Libraries\Tessa\Platform\,DeferredCancelEventArgs.cs,2021-06-23 17:21:11 +0300 MSK,1134,21ba2e0aa267dc9312e9a3e2018e7f47
C:\Users\forma\OneDrive\Документы\Tessa\RU.98293548.506180-01 12 01\tessa-gos-tessa\src\Libraries\Tessa\Platform\,DeferredEventArgs.cs,2021-06-23 17:21:11 +0300 MSK,4514,8f68a9db5cea396c3c83ff7f0705f66c
C:\Users\forma\OneDrive\Документы\Tessa\RU.98293548.506180-01 12 01\tessa-gos-tessa\src\Libraries\Tessa\Platform\,DoubleBoxes.cs,2021-06-23 17:21:11 +0300 MSK,3181,869cceac3595d30466e69c4db99248d2
C:\Users\forma\OneDrive\Документы\Tessa\RU.98293548.506180-01 12 01\tessa-gos-tessa\src\Libraries\Tessa\Platform\,EnvironmentHelper.cs,2021-06-23 17:21:11 +0300 MSK,5468,130207905ab1501de3c5c34e917f3011
C:\Users\forma\OneDrive\Документы\Tessa\RU.98293548.506180-01 12 01\tessa-gos-tessa\src\Libraries\Tessa\Platform\,ExceptionHelper.cs,2021-06-23 17:21:11 +0300 MSK,1093,066b9e5b81f59d42407c247cd89deb7d
C:\Users\forma\OneDrive\Документы\Tessa\RU.98293548.506180-01 12 01\tessa-gos-tessa\src\Libraries\Tessa\Platform\,FakeSignatureProvider.cs,2021-06-23 17:21:11 +0300 MSK,1421,ee3519f8fe2b323e9af3d6113aa7d16e
C:\Users\forma\OneDrive\Документы\Tessa\RU.98293548.506180-01 12 01\tessa-gos-tessa\src\Libraries\Tessa\Platform\,FakeSplash.cs,2021-06-23 17:21:11 +0300 MSK,790,51d97bf5602981f563fca5a4d1e9ac3e
C:\Users\forma\OneDrive\Документы\Tessa\RU.98293548.506180-01 12 01\tessa-gos-tessa\src\Libraries\Tessa\Platform\,FormatStringParser.cs,2021-06-23 17:21:11 +0300 MSK,10171,e9db9d771b9a6b168fd7fe50ff51b4eb
C:\Users\forma\OneDrive\Документы\Tessa\RU.98293548.506180-01 12 01\tessa-gos-tessa\src\Libraries\Tessa\Platform\,FormatingInfo.cs,2021-06-23 17:21:11 +0300 MSK,1163,45122857d58478c17d9f882e31a7e1d9
C:\Users\forma\OneDrive\Документы\Tessa\RU.98293548.506180-01 12 01\tessa-gos-tessa\src\Libraries\Tessa\Platform\,FormattingHelper.cs,2021-06-23 17:21:11 +0300 MSK,46585,6b57f61f8bd488a54afeb97e889c0580
C:\Users\forma\OneDrive\Документы\Tessa\RU.98293548.506180-01 12 01\tessa-gos-tessa\src\Libraries\Tessa\Platform\,GCHelper.cs,2021-06-23 17:21:11 +0300 MSK,1462,39ca8ae01929032a034c3a17d747ba1f
C:\Users\forma\OneDrive\Документы\Tessa\RU.98293548.506180-01 12 01\tessa-gos-tessa\src\Libraries\Tessa\Platform\,GuidBoxes.cs,2021-06-23 17:21:11 +0300 MSK,2404,018f8b7d949215e6a1a43328dd6f1c22
C:\Users\forma\OneDrive\Документы\Tessa\RU.98293548.506180-01 12 01\tessa-gos-tessa\src\Libraries\Tessa\Platform\,GuidContext.cs,2021-06-23 17:21:11 +0300 MSK,3898,a7a7b9722031f8a0f3e4931d27cbce29
C:\Users\forma\OneDrive\Документы\Tessa\RU.98293548.506180-01 12 01\tessa-gos-tessa\src\Libraries\Tessa\Platform\,GuidReplacer.cs,2021-06-23 17:21:11 +0300 MSK,2986,3cb7241658e8f72557effb5298f15a7b
C:\Users\forma\OneDrive\Документы\Tessa\RU.98293548.506180-01 12 01\tessa-gos-tessa\src\Libraries\Tessa\Platform\,HashSignatureProvider.cs,2021-06-23 17:21:11 +0300 MSK,4970,c2918dd0c0ee10b5e8848d06f442f836
C:\Users\forma\OneDrive\Документы\Tessa\RU.98293548.506180-01 12 01\tessa-gos-tessa\src\Libraries\Tessa\Platform\,HookableServiceHook`1.cs,2021-06-23 17:21:11 +0300 MSK,811,e4d42d3dff4fd0a0adf6867ea6d5ca02
C:\Users\forma\OneDrive\Документы\Tessa\RU.98293548.506180-01 12 01\tessa-gos-tessa\src\Libraries\Tessa\Platform\,HookableServiceProxy`1.cs,2021-06-23 17:21:11 +0300 MSK,1031,fb5398fbb5cab0680b534154b9aa56e1
C:\Users\forma\OneDrive\Документы\Tessa\RU.98293548.506180-01 12 01\tessa-gos-tessa\src\Libraries\Tessa\Platform\,HookableService`1.cs,2021-06-23 17:21:11 +0300 MSK,2183,3b973b5377777039d1f1a0f6b32d2830
C:\Users\forma\OneDrive\Документы\Tessa\RU.98293548.506180-01 12 01\tessa-gos-tessa\src\Libraries\Tessa\Platform\,IAsyncInitializable.cs,2021-06-23 17:21:11 +0300 MSK,1214,5b42039afddd6fc4a6c6b32720db2048
C:\Users\forma\OneDrive\Документы\Tessa\RU.98293548.506180-01 12 01\tessa-gos-tessa\src\Libraries\Tessa\Platform\,IAsyncReaderWriterLock.cs,2021-06-23 17:21:11 +0300 MSK,2635,dc0c3b4e34da6340ab1507d4f45f1447
C:\Users\forma\OneDrive\Документы\Tessa\RU.98293548.506180-01 12 01\tessa-gos-tessa\src\Libraries\Tessa\Platform\,IBinarySerializable.cs,2021-06-23 17:21:11 +0300 MSK,662,7af1e7272305afbb9df8e76a6226de61
C:\Users\forma\OneDrive\Документы\Tessa\RU.98293548.506180-01 12 01\tessa-gos-tessa\src\Libraries\Tessa\Platform\,IBsonSerializable.cs,2021-06-23 17:21:11 +0300 MSK,609,5f3bcf7c3ada905185397756249e8a1a
C:\Users\forma\OneDrive\Документы\Tessa\RU.98293548.506180-01 12 01\tessa-gos-tessa\src\Libraries\Tessa\Platform\,ICollectionRecord.cs,2021-06-23 17:21:11 +0300 MSK,428,b57ae34f8f0774aac2c8517493cc0051
C:\Users\forma\OneDrive\Документы\Tessa\RU.98293548.506180-01 12 01\tessa-gos-tessa\src\Libraries\Tessa\Platform\,IConfigurationManager.cs,2021-06-23 17:21:11 +0300 MSK,1255,9ab8bbecd0a96cf19a11caf6353fe06a
C:\Users\forma\OneDrive\Документы\Tessa\RU.98293548.506180-01 12 01\tessa-gos-tessa\src\Libraries\Tessa\Platform\,IConfigurationManagerContext.cs,2021-06-23 17:21:11 +0300 MSK,419,ea8178147e9c21ef28646184e5610463
C:\Users\forma\OneDrive\Документы\Tessa\RU.98293548.506180-01 12 01\tessa-gos-tessa\src\Libraries\Tessa\Platform\,ICurrentValueContainer.cs,2021-06-23 17:21:11 +0300 MSK,355,21bbce1864fc4ab145e595372a5a6244
C:\Users\forma\OneDrive\Документы\Tessa\RU.98293548.506180-01 12 01\tessa-gos-tessa\src\Libraries\Tessa\Platform\,IGuidContext.cs,2021-06-23 17:21:11 +0300 MSK,373,740817cf34a458e41b6ee75dcf4622d3
C:\Users\forma\OneDrive\Документы\Tessa\RU.98293548.506180-01 12 01\tessa-gos-tessa\src\Libraries\Tessa\Platform\,IGuidReplacer.cs,2021-06-23 17:21:11 +0300 MSK,655,9f5eebb48553f203216f55a9adfc6755
C:\Users\forma\OneDrive\Документы\Tessa\RU.98293548.506180-01 12 01\tessa-gos-tessa\src\Libraries\Tessa\Platform\,IHashSignatureProvider.cs,2021-06-23 17:21:11 +0300 MSK,721,4eaffcb0bf45344c71dd52d3194cfdde
C:\Users\forma\OneDrive\Документы\Tessa\RU.98293548.506180-01 12 01\tessa-gos-tessa\src\Libraries\Tessa\Platform\,IJsonSerializable.cs,2021-06-23 17:21:11 +0300 MSK,665,1dfcb203fd53cf7918990cea449cb6d2
C:\Users\forma\OneDrive\Документы\Tessa\RU.98293548.506180-01 12 01\tessa-gos-tessa\src\Libraries\Tessa\Platform\,ILdapAuthSettings.cs,2021-06-23 17:21:11 +0300 MSK,560,9c00adb47fe64eba5b5cd73e41806b9c
C:\Users\forma\OneDrive\Документы\Tessa\RU.98293548.506180-01 12 01\tessa-gos-tessa\src\Libraries\Tessa\Platform\,ILdapSettings.cs,2021-06-23 17:21:11 +0300 MSK,1556,a44e5ebfdd4af72c6d18a5faba5635e5
C:\Users\forma\OneDrive\Документы\Tessa\RU.98293548.506180-01 12 01\tessa-gos-tessa\src\Libraries\Tessa\Platform\,INamedEntry.cs,2021-06-23 17:21:11 +0300 MSK,486,7d447f757bc83742f57cee3c667d402f
C:\Users\forma\OneDrive\Документы\Tessa\RU.98293548.506180-01 12 01\tessa-gos-tessa\src\Libraries\Tessa\Platform\,INamedRegistry`1.cs,2021-06-23 17:21:11 +0300 MSK,946,03308f431b389b9b146d225c3029ade4
C:\Users\forma\OneDrive\Документы\Tessa\RU.98293548.506180-01 12 01\tessa-gos-tessa\src\Libraries\Tessa\Platform\,INotificationObject.cs,2021-06-23 17:21:11 +0300 MSK,717,864fe3c279ecebc650bbc014fb334132
C:\Users\forma\OneDrive\Документы\Tessa\RU.98293548.506180-01 12 01\tessa-gos-tessa\src\Libraries\Tessa\Platform\,IProcessNameResolver.cs,2021-06-23 17:21:11 +0300 MSK,918,78afacecda5ede9378428318c1fb1cac
C:\Users\forma\OneDrive\Документы\Tessa\RU.98293548.506180-01 12 01\tessa-gos-tessa\src\Libraries\Tessa\Platform\,IRegistryItem`1.cs,2021-06-23 17:21:11 +0300 MSK,643,43e6c6c70ea7c1d6ceac6375af8d3700
C:\Users\forma\OneDrive\Документы\Tessa\RU.98293548.506180-01 12 01\tessa-gos-tessa\src\Libraries\Tessa\Platform\,IRegistry`2.cs,2021-06-23 17:21:11 +0300 MSK,1561,64cc944063e1e32412cc1dcafbf46688
C:\Users\forma\OneDrive\Документы\Tessa\RU.98293548.506180-01 12 01\tessa-gos-tessa\src\Libraries\Tessa\Platform\,IResolver`2.cs,2021-06-23 17:21:11 +0300 MSK,1540,fb4aeced92342617e09c5109100bdccf
C:\Users\forma\OneDrive\Документы\Tessa\RU.98293548.506180-01 12 01\tessa-gos-tessa\src\Libraries\Tessa\Platform\,ISealable.cs,2021-06-23 17:21:11 +0300 MSK,390,680f4c99f0d550c9bcaa1bd4b707056f
C:\Users\forma\OneDrive\Документы\Tessa\RU.98293548.506180-01 12 01\tessa-gos-tessa\src\Libraries\Tessa\Platform\,ISequentialGuidProvider.cs,2021-06-23 17:21:11 +0300 MSK,1052,4f668331ae7c6e653840427143f5e7db
C:\Users\forma\OneDrive\Документы\Tessa\RU.98293548.506180-01 12 01\tessa-gos-tessa\src\Libraries\Tessa\Platform\,ISignatureProvider.cs,2021-06-23 17:21:11 +0300 MSK,1697,4ca8b20e588ddef44274c076866449e9
C:\Users\forma\OneDrive\Документы\Tessa\RU.98293548.506180-01 12 01\tessa-gos-tessa\src\Libraries\Tessa\Platform\,ISignatureProviderFactory.cs,2021-06-23 17:21:11 +0300 MSK,717,29b80a86fa10f805999bc1cf1b1ecca8
C:\Users\forma\OneDrive\Документы\Tessa\RU.98293548.506180-01 12 01\tessa-gos-tessa\src\Libraries\Tessa\Platform\,ISplash.cs,2021-06-23 17:21:11 +0300 MSK,489,ff964549005dc3a08344339e075356bc
C:\Users\forma\OneDrive\Документы\Tessa\RU.98293548.506180-01 12 01\tessa-gos-tessa\src\Libraries\Tessa\Platform\,ITessaClientSettings.cs,2021-06-23 17:21:11 +0300 MSK,564,4455912922031f0fb5a8c5474e4ed708
C:\Users\forma\OneDrive\Документы\Tessa\RU.98293548.506180-01 12 01\tessa-gos-tessa\src\Libraries\Tessa\Platform\,ITessaPatchInfo.cs,2021-06-23 17:21:11 +0300 MSK,680,02049ddd69f853cc0b1648f19620c8f2
C:\Users\forma\OneDrive\Документы\Tessa\RU.98293548.506180-01 12 01\tessa-gos-tessa\src\Libraries\Tessa\Platform\,ITessaPlatformDependencies.cs,2021-06-23 17:21:11 +0300 MSK,3477,6a776214c03921c38856c3e9f5bbe70f
C:\Users\forma\OneDrive\Документы\Tessa\RU.98293548.506180-01 12 01\tessa-gos-tessa\src\Libraries\Tessa\Platform\,ITessaServerDependencies.cs,2021-06-23 17:21:11 +0300 MSK,1085,beaba042b903b290c39e097d171fc89f
C:\Users\forma\OneDrive\Документы\Tessa\RU.98293548.506180-01 12 01\tessa-gos-tessa\src\Libraries\Tessa\Platform\,ITessaServerSettings.cs,2021-06-23 17:21:11 +0300 MSK,2887,536bb5c5b113ddf83eb047dbb3e4d2df
C:\Users\forma\OneDrive\Документы\Tessa\RU.98293548.506180-01 12 01\tessa-gos-tessa\src\Libraries\Tessa\Platform\,IUnityDisposableContainer.cs,2021-06-23 17:21:11 +0300 MSK,842,2a47fd29d05c667c816fc8175e8fcfb5
C:\Users\forma\OneDrive\Документы\Tessa\RU.98293548.506180-01 12 01\tessa-gos-tessa\src\Libraries\Tessa\Platform\,Int32Boxes.cs,2021-06-23 17:21:11 +0300 MSK,2297,ce4baf46363c5c3f4abc335a3a949eb8
C:\Users\forma\OneDrive\Документы\Tessa\RU.98293548.506180-01 12 01\tessa-gos-tessa\src\Libraries\Tessa\Platform\,Int64Boxes.cs,2021-06-23 17:21:11 +0300 MSK,2306,88c25d73022e5ccc2eb5f65c300dee17
C:\Users\forma\OneDrive\Документы\Tessa\RU.98293548.506180-01 12 01\tessa-gos-tessa\src\Libraries\Tessa\Platform\,JsonFormatNotSupportedException.cs,2021-06-23 17:21:11 +0300 MSK,4139,966858598891784aede8a7dd9d812a5d
C:\Users\forma\OneDrive\Документы\Tessa\RU.98293548.506180-01 12 01\tessa-gos-tessa\src\Libraries\Tessa\Platform\,LazySplash.cs,2021-06-23 17:21:11 +0300 MSK,4390,65b05290534f933a455cf192c099ebea
C:\Users\forma\OneDrive\Документы\Tessa\RU.98293548.506180-01 12 01\tessa-gos-tessa\src\Libraries\Tessa\Platform\,LdapSettings.cs,2021-06-23 17:21:11 +0300 MSK,4931,5e25e686a590e22db9b356a8e2d6a025
C:\Users\forma\OneDrive\Документы\Tessa\RU.98293548.506180-01 12 01\tessa-gos-tessa\src\Libraries\Tessa\Platform\,LinkHelper.cs,2021-06-23 17:21:11 +0300 MSK,41573,bfaae2afa8a63e9a9f70994ad15e38e9
C:\Users\forma\OneDrive\Документы\Tessa\RU.98293548.506180-01 12 01\tessa-gos-tessa\src\Libraries\Tessa\Platform\,MessagesInternal.cs,2021-06-23 17:21:11 +0300 MSK,969,42e48ccc738fe6d661c9e1a41177518c
C:\Users\forma\OneDrive\Документы\Tessa\RU.98293548.506180-01 12 01\tessa-gos-tessa\src\Libraries\Tessa\Platform\,NamedEntry.cs,2021-06-23 17:21:11 +0300 MSK,2980,695eed273786ed57fb245d199630258f
C:\Users\forma\OneDrive\Документы\Tessa\RU.98293548.506180-01 12 01\tessa-gos-tessa\src\Libraries\Tessa\Platform\,NamedObjectHelper.cs,2021-06-23 17:21:11 +0300 MSK,1896,483fdc36c9037b86fac11d48a71c517c
C:\Users\forma\OneDrive\Документы\Tessa\RU.98293548.506180-01 12 01\tessa-gos-tessa\src\Libraries\Tessa\Platform\,NamedRegistry`1.cs,2021-06-23 17:21:11 +0300 MSK,3533,b6f8262c9f100ccecb6eafa4c08731cf
C:\Users\forma\OneDrive\Документы\Tessa\RU.98293548.506180-01 12 01\tessa-gos-tessa\src\Libraries\Tessa\Platform\,NamedResolver`1.cs,2021-06-23 17:21:11 +0300 MSK,1230,a06a1db69ed7dd9203cce63e51de4555
C:\Users\forma\OneDrive\Документы\Tessa\RU.98293548.506180-01 12 01\tessa-gos-tessa\src\Libraries\Tessa\Platform\,Net40Extensions.cs,2021-06-23 17:21:11 +0300 MSK,783,4bd432cf0fa8be4a3807363db726ba4c
C:\Users\forma\OneDrive\Документы\Tessa\RU.98293548.506180-01 12 01\tessa-gos-tessa\src\Libraries\Tessa\Platform\,NotificationObject.cs,2021-06-23 17:21:11 +0300 MSK,6559,3d3289aa1e5de7fbb067ac3ea69e8d16
C:\Users\forma\OneDrive\Документы\Tessa\RU.98293548.506180-01 12 01\tessa-gos-tessa\src\Libraries\Tessa\Platform\,NullableObject`1.cs,2021-06-23 17:21:11 +0300 MSK,2178,f8c79cbcb2e3910743304343aa8d95c8
C:\Users\forma\OneDrive\Документы\Tessa\RU.98293548.506180-01 12 01\tessa-gos-tessa\src\Libraries\Tessa\Platform\,ObjectSealedException.cs,2021-06-23 17:21:11 +0300 MSK,3942,38c12582ba8ed268a3537f017d0e176f
C:\Users\forma\OneDrive\Документы\Tessa\RU.98293548.506180-01 12 01\tessa-gos-tessa\src\Libraries\Tessa\Platform\,PlatformCacheNames.cs,2021-06-23 17:21:11 +0300 MSK,2718,21d30f994f806f60c6887fd28bbb592e
C:\Users\forma\OneDrive\Документы\Tessa\RU.98293548.506180-01 12 01\tessa-gos-tessa\src\Libraries\Tessa\Platform\,PlatformExtensions.StringBuilder.cs,2021-06-23 17:21:11 +0300 MSK,3961,b75acfeb855b490ad48d0eeb0f2cefd2
C:\Users\forma\OneDrive\Документы\Tessa\RU.98293548.506180-01 12 01\tessa-gos-tessa\src\Libraries\Tessa\Platform\,PlatformExtensions.cs,2021-06-23 17:21:11 +0300 MSK,190301,6ff93622e0cd7ac628740c2cafff24a8
C:\Users\forma\OneDrive\Документы\Tessa\RU.98293548.506180-01 12 01\tessa-gos-tessa\src\Libraries\Tessa\Platform\,ProcessNameResolver.cs,2021-06-23 17:21:11 +0300 MSK,3693,db1b10d2bcd52e2222d9ba85a58731e4
C:\Users\forma\OneDrive\Документы\Tessa\RU.98293548.506180-01 12 01\tessa-gos-tessa\src\Libraries\Tessa\Platform\,ReaderLockSlimWrapper.cs,2021-06-23 17:21:11 +0300 MSK,1455,340c7c34679676f3413bc6f3a0043ec8
C:\Users\forma\OneDrive\Документы\Tessa\RU.98293548.506180-01 12 01\tessa-gos-tessa\src\Libraries\Tessa\Platform\,ReaderLockWrapper.cs,2021-06-23 17:21:11 +0300 MSK,1450,5104f85c9b25d978bb553d25a035f1b1
C:\Users\forma\OneDrive\Документы\Tessa\RU.98293548.506180-01 12 01\tessa-gos-tessa\src\Libraries\Tessa\Platform\,RegistryItem`2.cs,2021-06-23 17:21:11 +0300 MSK,7710,c4337ec089ff56eb7fb8fe571b63c9ab
C:\Users\forma\OneDrive\Документы\Tessa\RU.98293548.506180-01 12 01\tessa-gos-tessa\src\Libraries\Tessa\Platform\,Registry`2.cs,2021-06-23 17:21:11 +0300 MSK,3702,e8d0d916afa3d32ac777b46d4483e869
C:\Users\forma\OneDrive\Документы\Tessa\RU.98293548.506180-01 12 01\tessa-gos-tessa\src\Libraries\Tessa\Platform\,Resolver`2.cs,2021-06-23 17:21:11 +0300 MSK,5052,21feafe42f389561b312efedb817695c
C:\Users\forma\OneDrive\Документы\Tessa\RU.98293548.506180-01 12 01\tessa-gos-tessa\src\Libraries\Tessa\Platform\,SerializationInfoExtensions.cs,2021-06-23 17:21:11 +0300 MSK,5091,c06f1f42cbb335db43f5b169ff80eeb7
C:\Users\forma\OneDrive\Документы\Tessa\RU.98293548.506180-01 12 01\tessa-gos-tessa\src\Libraries\Tessa\Platform\,SignatureProviderFactory.cs,2021-06-23 17:21:11 +0300 MSK,565,cb8bd11e4aa58ed5bf905e5a426ff90f
C:\Users\forma\OneDrive\Документы\Tessa\RU.98293548.506180-01 12 01\tessa-gos-tessa\src\Libraries\Tessa\Platform\,SignatureProviderNames.cs,2021-06-23 17:21:11 +0300 MSK,2980,12bd51c53bb395f673e92ca6de84ec25
C:\Users\forma\OneDrive\Документы\Tessa\RU.98293548.506180-01 12 01\tessa-gos-tessa\src\Libraries\Tessa\Platform\,SizeUnit.cs,2021-06-23 17:21:11 +0300 MSK,1069,66b28ff29c439baa87a592ca07224f52
C:\Users\forma\OneDrive\Документы\Tessa\RU.98293548.506180-01 12 01\tessa-gos-tessa\src\Libraries\Tessa\Platform\,StaTaskScheduler.cs,2021-06-23 17:21:11 +0300 MSK,6131,db973e08675449451269fc39efccb174
C:\Users\forma\OneDrive\Документы\Tessa\RU.98293548.506180-01 12 01\tessa-gos-tessa\src\Libraries\Tessa\Platform\,StringBuilderHelper.cs,2021-06-23 17:21:11 +0300 MSK,1673,c4daf9d20088766a2884d443ee8274bb
C:\Users\forma\OneDrive\Документы\Tessa\RU.98293548.506180-01 12 01\tessa-gos-tessa\src\Libraries\Tessa\Platform\,SyncSignatureProvider.cs,2021-06-23 17:21:11 +0300 MSK,1389,566e5d48093413a47f12b6feb16eb668
C:\Users\forma\OneDrive\Документы\Tessa\RU.98293548.506180-01 12 01\tessa-gos-tessa\src\Libraries\Tessa\Platform\,SynchronizedOneTimeRegistrator.cs,2021-06-23 17:21:11 +0300 MSK,2222,8ece72f415cf192bec000782c8ab7d5c
C:\Users\forma\OneDrive\Документы\Tessa\RU.98293548.506180-01 12 01\tessa-gos-tessa\src\Libraries\Tessa\Platform\,TaskBoxes.cs,2021-06-23 17:21:11 +0300 MSK,13229,0a43600c4763f31443b1b5144d3e15b7
C:\Users\forma\OneDrive\Документы\Tessa\RU.98293548.506180-01 12 01\tessa-gos-tessa\src\Libraries\Tessa\Platform\,TessaClientSettings.cs,2021-06-23 17:21:11 +0300 MSK,2158,42a18970a2b7beba5fdc4c162843d262
C:\Users\forma\OneDrive\Документы\Tessa\RU.98293548.506180-01 12 01\tessa-gos-tessa\src\Libraries\Tessa\Platform\,TessaExpressionHelper.cs,2021-06-23 17:21:11 +0300 MSK,11772,b5075c3d7c297ce5b660fdeb88f4037d
C:\Users\forma\OneDrive\Документы\Tessa\RU.98293548.506180-01 12 01\tessa-gos-tessa\src\Libraries\Tessa\Platform\,TessaLoggers.cs,2021-06-23 17:21:11 +0300 MSK,4974,e84aba0365bdacf1207efcf0aca4e323
C:\Users\forma\OneDrive\Документы\Tessa\RU.98293548.506180-01 12 01\tessa-gos-tessa\src\Libraries\Tessa\Platform\,TessaPatchInfo.cs,2021-06-23 17:21:11 +0300 MSK,4287,f65b7fc3addbf0a50b4af31d1da0a7e5
C:\Users\forma\OneDrive\Документы\Tessa\RU.98293548.506180-01 12 01\tessa-gos-tessa\src\Libraries\Tessa\Platform\,TessaPlatform.cs,2021-06-23 17:21:11 +0300 MSK,8805,d932597816b4dad70471e266c9faa082
C:\Users\forma\OneDrive\Документы\Tessa\RU.98293548.506180-01 12 01\tessa-gos-tessa\src\Libraries\Tessa\Platform\,TessaPlatformFeature.cs,2021-06-23 17:21:11 +0300 MSK,695,6f45b214a9e8b69dd97d19e268e6ecd1
C:\Users\forma\OneDrive\Документы\Tessa\RU.98293548.506180-01 12 01\tessa-gos-tessa\src\Libraries\Tessa\Platform\,TessaServerSettings.cs,2021-06-23 17:21:11 +0300 MSK,12526,72d9c3a88989d07ab3bf4baa7e8bcf6e
C:\Users\forma\OneDrive\Документы\Tessa\RU.98293548.506180-01 12 01\tessa-gos-tessa\src\Libraries\Tessa\Platform\,TextHelper.cs,2021-06-23 17:21:11 +0300 MSK,2904,7cb8aaf61f08ffaa02bf1247a573142e
C:\Users\forma\OneDrive\Документы\Tessa\RU.98293548.506180-01 12 01\tessa-gos-tessa\src\Libraries\Tessa\Platform\,TileNames.cs,2021-06-23 17:21:11 +0300 MSK,28492,a503108d56814ffa056eda20332372c1
C:\Users\forma\OneDrive\Документы\Tessa\RU.98293548.506180-01 12 01\tessa-gos-tessa\src\Libraries\Tessa\Platform\,TileSize.cs,2021-06-23 17:21:11 +0300 MSK,546,6e1dcf76304d66a410872f28bfb7fcf9
C:\Users\forma\OneDrive\Документы\Tessa\RU.98293548.506180-01 12 01\tessa-gos-tessa\src\Libraries\Tessa\Platform\,UnityDisposableContainer.cs,2021-06-23 17:21:11 +0300 MSK,4340,a5ca8b46de26d6fa60819b380773d7ca
C:\Users\forma\OneDrive\Документы\Tessa\RU.98293548.506180-01 12 01\tessa-gos-tessa\src\Libraries\Tessa\Platform\,WeakEvent`1.cs,2021-06-23 17:21:11 +0300 MSK,2523,07fcac585829b41d3bf57f283114d744
C:\Users\forma\OneDrive\Документы\Tessa\RU.98293548.506180-01 12 01\tessa-gos-tessa\src\Libraries\Tessa\Platform\,WindowsNativeMethods.cs,2021-06-23 17:21:11 +0300 MSK,9325,64cb87f1d459dcd4b42ddf652573d908
C:\Users\forma\OneDrive\Документы\Tessa\RU.98293548.506180-01 12 01\tessa-gos-tessa\src\Libraries\Tessa\Platform\,WriterLockSlimWrapper.cs,2021-06-23 17:21:11 +0300 MSK,1457,079db81ac7f120a8f81e866ed5c507c1
C:\Users\forma\OneDrive\Документы\Tessa\RU.98293548.506180-01 12 01\tessa-gos-tessa\src\Libraries\Tessa\Platform\,WriterLockWrapper.cs,2021-06-23 17:21:11 +0300 MSK,1450,19463e1e6bfff556cd216a62c0e2fc3c
C:\Users\forma\OneDrive\Документы\Tessa\RU.98293548.506180-01 12 01\tessa-gos-tessa\src\Libraries\Tessa\Platform\Runtime\,ActionHistoryDescriptionContext.cs,2021-06-23 17:21:11 +0300 MSK,2188,726196316070e2dbd19333b62ee56e85
C:\Users\forma\OneDrive\Документы\Tessa\RU.98293548.506180-01 12 01\tessa-gos-tessa\src\Libraries\Tessa\Platform\Runtime\,ActionHistoryDescriptionProvider.cs,2021-06-23 17:21:11 +0300 MSK,13579,8355b415ab7d2fb03e0a28e6aaba9d83
C:\Users\forma\OneDrive\Документы\Tessa\RU.98293548.506180-01 12 01\tessa-gos-tessa\src\Libraries\Tessa\Platform\Runtime\,ActionHistoryRecord.cs,2021-06-23 17:21:11 +0300 MSK,5694,51a29aa8977d3026dac9f3b940ec6b1a
C:\Users\forma\OneDrive\Документы\Tessa\RU.98293548.506180-01 12 01\tessa-gos-tessa\src\Libraries\Tessa\Platform\Runtime\,ActionHistoryStrategy.cs,2021-06-23 17:21:11 +0300 MSK,9389,fe6864483e2efed7e62bbb23f74bf12d
C:\Users\forma\OneDrive\Документы\Tessa\RU.98293548.506180-01 12 01\tessa-gos-tessa\src\Libraries\Tessa\Platform\Runtime\,ActionType.cs,2021-06-23 17:21:11 +0300 MSK,1918,ece3127bd4d63cd6097e2049ff8d0d83
C:\Users\forma\OneDrive\Документы\Tessa\RU.98293548.506180-01 12 01\tessa-gos-tessa\src\Libraries\Tessa\Platform\Runtime\,ActionTypeRegistry.cs,2021-06-23 17:21:11 +0300 MSK,586,13247ce14f9df722bb9e231506fbfc5b
C:\Users\forma\OneDrive\Документы\Tessa\RU.98293548.506180-01 12 01\tessa-gos-tessa\src\Libraries\Tessa\Platform\Runtime\,ActionTypes.cs,2021-06-23 17:21:11 +0300 MSK,16199,6d9bbe1ad2e73c5289666dcc58300c46
C:\Users\forma\OneDrive\Документы\Tessa\RU.98293548.506180-01 12 01\tessa-gos-tessa\src\Libraries\Tessa\Platform\Runtime\,ApplicationAnyIDExtensionPolicy.cs,2021-06-23 17:21:11 +0300 MSK,1599,6f296c56e4051e47ccc15a4dc9c77b1b
C:\Users\forma\OneDrive\Документы\Tessa\RU.98293548.506180-01 12 01\tessa-gos-tessa\src\Libraries\Tessa\Platform\Runtime\,ApplicationAttribute.cs,2021-06-23 17:21:11 +0300 MSK,1679,7c4e6be60ee9857cdec40d889fd942e1
C:\Users\forma\OneDrive\Документы\Tessa\RU.98293548.506180-01 12 01\tessa-gos-tessa\src\Libraries\Tessa\Platform\Runtime\,ApplicationClosingEventArgs.cs,2021-06-23 17:21:11 +0300 MSK,2613,c2ad2836c6f383d02ba3066b26f35708
C:\Users\forma\OneDrive\Документы\Tessa\RU.98293548.506180-01 12 01\tessa-gos-tessa\src\Libraries\Tessa\Platform\Runtime\,ApplicationCommand.cs,2021-06-23 17:21:11 +0300 MSK,2203,1bb588a4b7fc5c7032bde3ad4c2a4e56
C:\Users\forma\OneDrive\Документы\Tessa\RU.98293548.506180-01 12 01\tessa-gos-tessa\src\Libraries\Tessa\Platform\Runtime\,ApplicationCommandArguments.cs,2021-06-23 17:21:11 +0300 MSK,3363,50ab16eab51b24cc8897c0a07e1838b9
C:\Users\forma\OneDrive\Документы\Tessa\RU.98293548.506180-01 12 01\tessa-gos-tessa\src\Libraries\Tessa\Platform\Runtime\,ApplicationCommandExecuteFunc.cs,2021-06-23 17:21:11 +0300 MSK,829,bf543ed91e6ba370221a09e200c056fb
C:\Users\forma\OneDrive\Документы\Tessa\RU.98293548.506180-01 12 01\tessa-gos-tessa\src\Libraries\Tessa\Platform\Runtime\,ApplicationCommandExecutor.cs,2021-06-23 17:21:11 +0300 MSK,4142,6bbc930d91cf980e5436414f09bdf343
C:\Users\forma\OneDrive\Документы\Tessa\RU.98293548.506180-01 12 01\tessa-gos-tessa\src\Libraries\Tessa\Platform\Runtime\,ApplicationCommandParseFunc.cs,2021-06-23 17:21:11 +0300 MSK,1038,60ad0998929736050ba785a45491ba13
C:\Users\forma\OneDrive\Документы\Tessa\RU.98293548.506180-01 12 01\tessa-gos-tessa\src\Libraries\Tessa\Platform\Runtime\,ApplicationCommandParser.cs,2021-06-23 17:21:11 +0300 MSK,19776,79c3ea586e5aee39322f9fdf4aa0cf08
C:\Users\forma\OneDrive\Документы\Tessa\RU.98293548.506180-01 12 01\tessa-gos-tessa\src\Libraries\Tessa\Platform\Runtime\,ApplicationCommands.cs,2021-06-23 17:21:11 +0300 MSK,4595,6515fd4a8eb3c2811fc8d735fd38e16b
C:\Users\forma\OneDrive\Документы\Tessa\RU.98293548.506180-01 12 01\tessa-gos-tessa\src\Libraries\Tessa\Platform\Runtime\,ApplicationContext.cs,2021-06-23 17:21:11 +0300 MSK,2878,c52eca97b3a6e93e7ce3035d47a94f8c
C:\Users\forma\OneDrive\Документы\Tessa\RU.98293548.506180-01 12 01\tessa-gos-tessa\src\Libraries\Tessa\Platform\Runtime\,ApplicationContextDeferredEventArgs.cs,2021-06-23 17:21:11 +0300 MSK,1823,ee9bab459880ccc29b4931c313a37aa3
C:\Users\forma\OneDrive\Документы\Tessa\RU.98293548.506180-01 12 01\tessa-gos-tessa\src\Libraries\Tessa\Platform\Runtime\,ApplicationDependencies.cs,2021-06-23 17:21:11 +0300 MSK,11440,b780992f1ffaa03defd037162a0858a8
C:\Users\forma\OneDrive\Документы\Tessa\RU.98293548.506180-01 12 01\tessa-gos-tessa\src\Libraries\Tessa\Platform\Runtime\,ApplicationDescriptor.cs,2021-06-23 17:21:11 +0300 MSK,7151,391173727c3e50495ff587814bac8f04
C:\Users\forma\OneDrive\Документы\Tessa\RU.98293548.506180-01 12 01\tessa-gos-tessa\src\Libraries\Tessa\Platform\Runtime\,ApplicationDescriptorInitializingEventArgs.cs,2021-06-23 17:21:11 +0300 MSK,2579,7d8479bf224419d571b74750d77f4aa3
C:\Users\forma\OneDrive\Документы\Tessa\RU.98293548.506180-01 12 01\tessa-gos-tessa\src\Libraries\Tessa\Platform\Runtime\,ApplicationEnvironment.cs,2021-06-23 17:21:11 +0300 MSK,2920,df02daee735fd2a2eb7605867c5e5caa
C:\Users\forma\OneDrive\Документы\Tessa\RU.98293548.506180-01 12 01\tessa-gos-tessa\src\Libraries\Tessa\Platform\Runtime\,ApplicationEnvironmentManager.cs,2021-06-23 17:21:11 +0300 MSK,5669,860eeab657ff082a3e8c1798c233dd0a
C:\Users\forma\OneDrive\Документы\Tessa\RU.98293548.506180-01 12 01\tessa-gos-tessa\src\Libraries\Tessa\Platform\Runtime\,ApplicationExecutingCommandEventArgs.cs,2021-06-23 17:21:11 +0300 MSK,2502,2d4b48758f17fc87f8207745ac32d823
C:\Users\forma\OneDrive\Документы\Tessa\RU.98293548.506180-01 12 01\tessa-gos-tessa\src\Libraries\Tessa\Platform\Runtime\,ApplicationExtension.cs,2021-06-23 17:21:11 +0300 MSK,1211,f8ee67d3a7a177357a66d2254ab1339b
C:\Users\forma\OneDrive\Документы\Tessa\RU.98293548.506180-01 12 01\tessa-gos-tessa\src\Libraries\Tessa\Platform\Runtime\,ApplicationExtensionContext.cs,2021-06-23 17:21:11 +0300 MSK,2177,157d735893c0982e2cd0405ff7d03489
C:\Users\forma\OneDrive\Документы\Tessa\RU.98293548.506180-01 12 01\tessa-gos-tessa\src\Libraries\Tessa\Platform\Runtime\,ApplicationExtensionContextBase.cs,2021-06-23 17:21:11 +0300 MSK,3658,ad7ddf8fda5a6233676edfb4b123951b
C:\Users\forma\OneDrive\Документы\Tessa\RU.98293548.506180-01 12 01\tessa-gos-tessa\src\Libraries\Tessa\Platform\Runtime\,ApplicationExtensionFilterPolicy.cs,2021-06-23 17:21:11 +0300 MSK,2352,fdfc52fe5484760847c83363da8248f3
C:\Users\forma\OneDrive\Документы\Tessa\RU.98293548.506180-01 12 01\tessa-gos-tessa\src\Libraries\Tessa\Platform\Runtime\,ApplicationFolders.cs,2021-06-23 17:21:11 +0300 MSK,7779,4940653746cf1b791aa34810656574f5
C:\Users\forma\OneDrive\Документы\Tessa\RU.98293548.506180-01 12 01\tessa-gos-tessa\src\Libraries\Tessa\Platform\Runtime\,ApplicationIDExtensionPolicy.cs,2021-06-23 17:21:11 +0300 MSK,2231,9a06cd0935fb29d65d8158f90e0b4f55
C:\Users\forma\OneDrive\Документы\Tessa\RU.98293548.506180-01 12 01\tessa-gos-tessa\src\Libraries\Tessa\Platform\Runtime\,ApplicationIdentifiers.cs,2021-06-23 17:21:11 +0300 MSK,2688,c689ef90e6c6901e3bd2239fba7d9d43
C:\Users\forma\OneDrive\Документы\Tessa\RU.98293548.506180-01 12 01\tessa-gos-tessa\src\Libraries\Tessa\Platform\Runtime\,ApplicationInitializer.cs,2021-06-23 17:21:11 +0300 MSK,4214,4443381c245bd04cd5898705318e4297
C:\Users\forma\OneDrive\Документы\Tessa\RU.98293548.506180-01 12 01\tessa-gos-tessa\src\Libraries\Tessa\Platform\Runtime\,ApplicationInstance.cs,2021-06-23 17:21:11 +0300 MSK,27002,47d6ae8b994470b366bc25639beadae8
C:\Users\forma\OneDrive\Документы\Tessa\RU.98293548.506180-01 12 01\tessa-gos-tessa\src\Libraries\Tessa\Platform\Runtime\,ApplicationLaunchParameters.cs,2021-06-23 17:21:11 +0300 MSK,4492,eebbf4e63de713d528666b5877fb7cf5
C:\Users\forma\OneDrive\Документы\Tessa\RU.98293548.506180-01 12 01\tessa-gos-tessa\src\Libraries\Tessa\Platform\Runtime\,ApplicationLaunchResult.cs,2021-06-23 17:21:11 +0300 MSK,897,9fd77906c409a36836545223cdc920b2
C:\Users\forma\OneDrive\Документы\Tessa\RU.98293548.506180-01 12 01\tessa-gos-tessa\src\Libraries\Tessa\Platform\Runtime\,ApplicationLicenseType.cs,2021-06-23 17:21:11 +0300 MSK,553,cd0f6f84f48ed545118ea21d219b687e
C:\Users\forma\OneDrive\Документы\Tessa\RU.98293548.506180-01 12 01\tessa-gos-tessa\src\Libraries\Tessa\Platform\Runtime\,ApplicationParameters.cs,2021-06-23 17:21:11 +0300 MSK,6107,ff2f9aca1f3493e697b6e1d212baf445
C:\Users\forma\OneDrive\Документы\Tessa\RU.98293548.506180-01 12 01\tessa-gos-tessa\src\Libraries\Tessa\Platform\Runtime\,ApplicationParsingCommandEventArgs.cs,2021-06-23 17:21:11 +0300 MSK,2553,4cdda2ad95413406a3fff94190eb193c
C:\Users\forma\OneDrive\Документы\Tessa\RU.98293548.506180-01 12 01\tessa-gos-tessa\src\Libraries\Tessa\Platform\Runtime\,ApplicationShutdownException.cs,2021-06-23 17:21:11 +0300 MSK,930,4e9c4bd5c5796ecdb2f23c13d0419ac6
C:\Users\forma\OneDrive\Документы\Tessa\RU.98293548.506180-01 12 01\tessa-gos-tessa\src\Libraries\Tessa\Platform\Runtime\,AuthenticationRequest.cs,2021-06-23 17:21:11 +0300 MSK,3311,17a9f471bd4ebdeb6c2b150bf53eb844
C:\Users\forma\OneDrive\Документы\Tessa\RU.98293548.506180-01 12 01\tessa-gos-tessa\src\Libraries\Tessa\Platform\Runtime\,AuthenticationResponse.cs,2021-06-23 17:21:11 +0300 MSK,3304,bb00573981b3f28dd0818dd61100fe70
C:\Users\forma\OneDrive\Документы\Tessa\RU.98293548.506180-01 12 01\tessa-gos-tessa\src\Libraries\Tessa\Platform\Runtime\,AuthenticationServiceProvider.cs,2021-06-23 17:21:11 +0300 MSK,1575,3d8f3b0c08cc75ee298a2b9ae21d5a85
C:\Users\forma\OneDrive\Документы\Tessa\RU.98293548.506180-01 12 01\tessa-gos-tessa\src\Libraries\Tessa\Platform\Runtime\,AuthenticationServiceResolver.cs,2021-06-23 17:21:11 +0300 MSK,1034,a570d28ca72d65a911b5f0fe8c635ee3
C:\Users\forma\OneDrive\Документы\Tessa\RU.98293548.506180-01 12 01\tessa-gos-tessa\src\Libraries\Tessa\Platform\Runtime\,ClientConfigurationInfoProvider.cs,2021-06-23 17:21:11 +0300 MSK,2260,4deb3c70b010c2ed32461bcef37dc384
C:\Users\forma\OneDrive\Документы\Tessa\RU.98293548.506180-01 12 01\tessa-gos-tessa\src\Libraries\Tessa\Platform\Runtime\,ClientConfigurationVersionProvider.cs,2021-06-23 17:21:11 +0300 MSK,1672,5e577d62b3818a6b4089010621b44409
C:\Users\forma\OneDrive\Документы\Tessa\RU.98293548.506180-01 12 01\tessa-gos-tessa\src\Libraries\Tessa\Platform\Runtime\,ClientUserCipherInfoService.cs,2021-06-23 17:21:11 +0300 MSK,2678,5c9a66e479d8813f3c4cfb23a6eae2ff
C:\Users\forma\OneDrive\Документы\Tessa\RU.98293548.506180-01 12 01\tessa-gos-tessa\src\Libraries\Tessa\Platform\Runtime\,ConfigurationFlags.cs,2021-06-23 17:21:11 +0300 MSK,2204,1844a31066404f4e1b1eaf04a2af5049
C:\Users\forma\OneDrive\Документы\Tessa\RU.98293548.506180-01 12 01\tessa-gos-tessa\src\Libraries\Tessa\Platform\Runtime\,ConfigurationInfo.cs,2021-06-23 17:21:11 +0300 MSK,11666,38e612b5d0e625b8b43a6984bc9d8cb6
C:\Users\forma\OneDrive\Документы\Tessa\RU.98293548.506180-01 12 01\tessa-gos-tessa\src\Libraries\Tessa\Platform\Runtime\,ConfigurationSealedException.cs,2021-06-23 17:21:11 +0300 MSK,1732,349130f401e2a03bdac09de8eee33471
C:\Users\forma\OneDrive\Документы\Tessa\RU.98293548.506180-01 12 01\tessa-gos-tessa\src\Libraries\Tessa\Platform\Runtime\,ConfigurationStrictSecurityException.cs,2021-06-23 17:21:11 +0300 MSK,1781,de9a809b4b278675bdac55a1f67f89dd
C:\Users\forma\OneDrive\Документы\Tessa\RU.98293548.506180-01 12 01\tessa-gos-tessa\src\Libraries\Tessa\Platform\Runtime\,ConnectionSettings.cs,2021-06-23 17:21:11 +0300 MSK,12485,67e5af7e85bde74b00ab871b2810298e
C:\Users\forma\OneDrive\Документы\Tessa\RU.98293548.506180-01 12 01\tessa-gos-tessa\src\Libraries\Tessa\Platform\Runtime\,DefaultAuthenticationService.cs,2021-06-23 17:21:11 +0300 MSK,2456,27e349e6a092b151474d9a58a6f7904c
C:\Users\forma\OneDrive\Документы\Tessa\RU.98293548.506180-01 12 01\tessa-gos-tessa\src\Libraries\Tessa\Platform\Runtime\,DefaultHttpClientFactory.cs,2021-06-23 17:21:11 +0300 MSK,2469,db23896f897a89c130e3066352b792da
C:\Users\forma\OneDrive\Документы\Tessa\RU.98293548.506180-01 12 01\tessa-gos-tessa\src\Libraries\Tessa\Platform\Runtime\,DefaultSessionLoginProvider.cs,2021-06-23 17:21:11 +0300 MSK,6939,c55bb05952da1e7735f2bc66aa6ad309
C:\Users\forma\OneDrive\Документы\Tessa\RU.98293548.506180-01 12 01\tessa-gos-tessa\src\Libraries\Tessa\Platform\Runtime\,DeviceType.cs,2021-06-23 17:21:11 +0300 MSK,3522,8f8caec36a6cde2f11ba480a23cf2bef
C:\Users\forma\OneDrive\Документы\Tessa\RU.98293548.506180-01 12 01\tessa-gos-tessa\src\Libraries\Tessa\Platform\Runtime\,ErrorCategories.cs,2021-06-23 17:21:11 +0300 MSK,1879,31104dfded9538de833c39b3a07d1e1f
C:\Users\forma\OneDrive\Документы\Tessa\RU.98293548.506180-01 12 01\tessa-gos-tessa\src\Libraries\Tessa\Platform\Runtime\,ErrorDescription.cs,2021-06-23 17:21:11 +0300 MSK,3444,086de39b792273198ffd5dac7a44c165
C:\Users\forma\OneDrive\Документы\Tessa\RU.98293548.506180-01 12 01\tessa-gos-tessa\src\Libraries\Tessa\Platform\Runtime\,ErrorDescriptionSerializer.cs,2021-06-23 17:21:11 +0300 MSK,4375,2196f74eea3ba01aaa658aa209111177
C:\Users\forma\OneDrive\Документы\Tessa\RU.98293548.506180-01 12 01\tessa-gos-tessa\src\Libraries\Tessa\Platform\Runtime\,ErrorDetails.cs,2021-06-23 17:21:11 +0300 MSK,1092,cf4e8751d85c42d9bcaa72e4c86e5be8
C:\Users\forma\OneDrive\Документы\Tessa\RU.98293548.506180-01 12 01\tessa-gos-tessa\src\Libraries\Tessa\Platform\Runtime\,ErrorFile.cs,2021-06-23 17:21:11 +0300 MSK,5159,68adbc91ccb3ef08885a31ae20be8e46
C:\Users\forma\OneDrive\Документы\Tessa\RU.98293548.506180-01 12 01\tessa-gos-tessa\src\Libraries\Tessa\Platform\Runtime\,ErrorManager.cs,2021-06-23 17:21:11 +0300 MSK,11968,c8599fa52bc0cf8ce3fb6f1e9e020f84
C:\Users\forma\OneDrive\Документы\Tessa\RU.98293548.506180-01 12 01\tessa-gos-tessa\src\Libraries\Tessa\Platform\Runtime\,FakeConfigurationInfoProvider.cs,2021-06-23 17:21:11 +0300 MSK,1087,efc7ea568d592fc1182d3b4b86fab3a2
C:\Users\forma\OneDrive\Документы\Tessa\RU.98293548.506180-01 12 01\tessa-gos-tessa\src\Libraries\Tessa\Platform\Runtime\,FakeConfigurationVersionProvider.cs,2021-06-23 17:21:11 +0300 MSK,789,403722c8ae5fecbf324d426f1d8b731e
C:\Users\forma\OneDrive\Документы\Tessa\RU.98293548.506180-01 12 01\tessa-gos-tessa\src\Libraries\Tessa\Platform\Runtime\,FakeErrorDetailWriter.cs,2021-06-23 17:21:11 +0300 MSK,1625,df331dbabb085b235d0a721674b5f8f4
C:\Users\forma\OneDrive\Документы\Tessa\RU.98293548.506180-01 12 01\tessa-gos-tessa\src\Libraries\Tessa\Platform\Runtime\,FakeLoginProvider.cs,2021-06-23 17:21:11 +0300 MSK,945,e1c3b149e6053387ca276f71e1c95aee
C:\Users\forma\OneDrive\Документы\Tessa\RU.98293548.506180-01 12 01\tessa-gos-tessa\src\Libraries\Tessa\Platform\Runtime\,FakeSessionHostInfoProvider.cs,2021-06-23 17:21:11 +0300 MSK,882,dc36bca0668e4006b1cd628c2c33a574
C:\Users\forma\OneDrive\Документы\Tessa\RU.98293548.506180-01 12 01\tessa-gos-tessa\src\Libraries\Tessa\Platform\Runtime\,FakeTypeInfoResolver.cs,2021-06-23 17:21:11 +0300 MSK,1240,0b02d2ed6a81c5667203dee8c13952c1
C:\Users\forma\OneDrive\Документы\Tessa\RU.98293548.506180-01 12 01\tessa-gos-tessa\src\Libraries\Tessa\Platform\Runtime\,HttpClientPool.cs,2021-06-23 17:21:11 +0300 MSK,4599,e29a356975ebd66dc96bb07ecc371823
C:\Users\forma\OneDrive\Документы\Tessa\RU.98293548.506180-01 12 01\tessa-gos-tessa\src\Libraries\Tessa\Platform\Runtime\,IActionHistoryDescriptionContext.cs,2021-06-23 17:21:11 +0300 MSK,1344,bade5462c41ba64bfeea074ac4591a28
C:\Users\forma\OneDrive\Документы\Tessa\RU.98293548.506180-01 12 01\tessa-gos-tessa\src\Libraries\Tessa\Platform\Runtime\,IActionHistoryDescriptionProvider.cs,2021-06-23 17:21:11 +0300 MSK,1401,25f539577553e867040b44bbdf7d9172
C:\Users\forma\OneDrive\Документы\Tessa\RU.98293548.506180-01 12 01\tessa-gos-tessa\src\Libraries\Tessa\Platform\Runtime\,IActionHistoryStrategy.cs,2021-06-23 17:21:11 +0300 MSK,1323,72da900a95060fe04c8115cfeae2a1be
C:\Users\forma\OneDrive\Документы\Tessa\RU.98293548.506180-01 12 01\tessa-gos-tessa\src\Libraries\Tessa\Platform\Runtime\,IActionTypeRegistry.cs,2021-06-23 17:21:11 +0300 MSK,268,ff4f098e3590aacc54c46ee3fa70c5c1
C:\Users\forma\OneDrive\Документы\Tessa\RU.98293548.506180-01 12 01\tessa-gos-tessa\src\Libraries\Tessa\Platform\Runtime\,IApplication.cs,2021-06-23 17:21:11 +0300 MSK,2714,94d5e6c60f3488e707c7b0da82695229
C:\Users\forma\OneDrive\Документы\Tessa\RU.98293548.506180-01 12 01\tessa-gos-tessa\src\Libraries\Tessa\Platform\Runtime\,IApplicationCommand.cs,2021-06-23 17:21:11 +0300 MSK,707,bcaeb09e635354ab956f42bfe268a926
C:\Users\forma\OneDrive\Документы\Tessa\RU.98293548.506180-01 12 01\tessa-gos-tessa\src\Libraries\Tessa\Platform\Runtime\,IApplicationCommandExecutor.cs,2021-06-23 17:21:11 +0300 MSK,499,a7508a998ae996ed637c953ee9096cd0
C:\Users\forma\OneDrive\Документы\Tessa\RU.98293548.506180-01 12 01\tessa-gos-tessa\src\Libraries\Tessa\Platform\Runtime\,IApplicationCommandParser.cs,2021-06-23 17:21:11 +0300 MSK,553,8dc66fb268a867e1a9ce4f931367a792
C:\Users\forma\OneDrive\Документы\Tessa\RU.98293548.506180-01 12 01\tessa-gos-tessa\src\Libraries\Tessa\Platform\Runtime\,IApplicationContext.cs,2021-06-23 17:21:11 +0300 MSK,1621,d63866410bab691313625b06a9acc4d7
C:\Users\forma\OneDrive\Документы\Tessa\RU.98293548.506180-01 12 01\tessa-gos-tessa\src\Libraries\Tessa\Platform\Runtime\,IApplicationDependencies.cs,2021-06-23 17:21:11 +0300 MSK,3132,c53dddee4b548ed3291920ea767772e3
C:\Users\forma\OneDrive\Документы\Tessa\RU.98293548.506180-01 12 01\tessa-gos-tessa\src\Libraries\Tessa\Platform\Runtime\,IApplicationDescriptor.cs,2021-06-23 17:21:11 +0300 MSK,1624,d3574a0c51d3bac3901a9c613df55204
C:\Users\forma\OneDrive\Документы\Tessa\RU.98293548.506180-01 12 01\tessa-gos-tessa\src\Libraries\Tessa\Platform\Runtime\,IApplicationEnvironment.cs,2021-06-23 17:21:11 +0300 MSK,624,e3d20096d1bd602e4376e06970c06464
C:\Users\forma\OneDrive\Документы\Tessa\RU.98293548.506180-01 12 01\tessa-gos-tessa\src\Libraries\Tessa\Platform\Runtime\,IApplicationEnvironmentManager.cs,2021-06-23 17:21:11 +0300 MSK,634,55faa5bb43ea52307b0de10a3ed99ec6
C:\Users\forma\OneDrive\Документы\Tessa\RU.98293548.506180-01 12 01\tessa-gos-tessa\src\Libraries\Tessa\Platform\Runtime\,IApplicationExtension.cs,2021-06-23 17:21:11 +0300 MSK,625,44c389a53ac13152b35ee1775ea61d13
C:\Users\forma\OneDrive\Документы\Tessa\RU.98293548.506180-01 12 01\tessa-gos-tessa\src\Libraries\Tessa\Platform\Runtime\,IApplicationExtensionContext.cs,2021-06-23 17:21:11 +0300 MSK,746,515409596307de1aaa5cca8ef00fb717
C:\Users\forma\OneDrive\Документы\Tessa\RU.98293548.506180-01 12 01\tessa-gos-tessa\src\Libraries\Tessa\Platform\Runtime\,IApplicationExtensionContextBase.cs,2021-06-23 17:21:11 +0300 MSK,1152,af30902ae100a1d015aaeb37222870a3
C:\Users\forma\OneDrive\Документы\Tessa\RU.98293548.506180-01 12 01\tessa-gos-tessa\src\Libraries\Tessa\Platform\Runtime\,IApplicationExtensionPolicy.cs,2021-06-23 17:21:11 +0300 MSK,670,40f419aa2a3570a6a71c108b4443ed19
C:\Users\forma\OneDrive\Документы\Tessa\RU.98293548.506180-01 12 01\tessa-gos-tessa\src\Libraries\Tessa\Platform\Runtime\,IApplicationInitializer.cs,2021-06-23 17:21:11 +0300 MSK,505,abba958ac958ccb20e859d303f0c2531
C:\Users\forma\OneDrive\Документы\Tessa\RU.98293548.506180-01 12 01\tessa-gos-tessa\src\Libraries\Tessa\Platform\Runtime\,IApplicationLaunchParameters.cs,2021-06-23 17:21:11 +0300 MSK,1661,0a97cbaad116a12a4aea89a442d7fff1
C:\Users\forma\OneDrive\Документы\Tessa\RU.98293548.506180-01 12 01\tessa-gos-tessa\src\Libraries\Tessa\Platform\Runtime\,IApplicationParameters.cs,2021-06-23 17:21:11 +0300 MSK,3447,903051de607c953145dd3afb6bc09142
C:\Users\forma\OneDrive\Документы\Tessa\RU.98293548.506180-01 12 01\tessa-gos-tessa\src\Libraries\Tessa\Platform\Runtime\,IApplicationPublisher.cs,2021-06-23 17:21:11 +0300 MSK,479,42935a5fd912df2f2f6b159bee5542bf
C:\Users\forma\OneDrive\Документы\Tessa\RU.98293548.506180-01 12 01\tessa-gos-tessa\src\Libraries\Tessa\Platform\Runtime\,IAuthenticationRequest.cs,2021-06-23 17:21:11 +0300 MSK,1564,bd140fb818947731441b828acd7e8d01
C:\Users\forma\OneDrive\Документы\Tessa\RU.98293548.506180-01 12 01\tessa-gos-tessa\src\Libraries\Tessa\Platform\Runtime\,IAuthenticationResponse.cs,2021-06-23 17:21:11 +0300 MSK,1096,2ae968815164894b173b2a1b85e1088c
C:\Users\forma\OneDrive\Документы\Tessa\RU.98293548.506180-01 12 01\tessa-gos-tessa\src\Libraries\Tessa\Platform\Runtime\,IAuthenticationService.cs,2021-06-23 17:21:11 +0300 MSK,673,beb5c377c4681f18ead6a2785bf91bcf
C:\Users\forma\OneDrive\Документы\Tessa\RU.98293548.506180-01 12 01\tessa-gos-tessa\src\Libraries\Tessa\Platform\Runtime\,IAuthenticationServiceProvider.cs,2021-06-23 17:21:11 +0300 MSK,543,4c029b828febfbfddf8529fa84426879
C:\Users\forma\OneDrive\Документы\Tessa\RU.98293548.506180-01 12 01\tessa-gos-tessa\src\Libraries\Tessa\Platform\Runtime\,IAuthenticationServiceResolver.cs,2021-06-23 17:21:11 +0300 MSK,438,7b0897cb1e75e649d508a052623064ff
C:\Users\forma\OneDrive\Документы\Tessa\RU.98293548.506180-01 12 01\tessa-gos-tessa\src\Libraries\Tessa\Platform\Runtime\,IConfigurationInfo.cs,2021-06-23 17:21:11 +0300 MSK,2805,7ea48560c7e1ac494b96e5cd597ca336
C:\Users\forma\OneDrive\Документы\Tessa\RU.98293548.506180-01 12 01\tessa-gos-tessa\src\Libraries\Tessa\Platform\Runtime\,IConfigurationInfoProvider.cs,2021-06-23 17:21:11 +0300 MSK,648,a5c76e29ce77935f32e51943f1da7c69
C:\Users\forma\OneDrive\Документы\Tessa\RU.98293548.506180-01 12 01\tessa-gos-tessa\src\Libraries\Tessa\Platform\Runtime\,IConfigurationVersionProvider.cs,2021-06-23 17:21:11 +0300 MSK,547,498b2b7e88e720b6adc4ec74b17c1da7
C:\Users\forma\OneDrive\Документы\Tessa\RU.98293548.506180-01 12 01\tessa-gos-tessa\src\Libraries\Tessa\Platform\Runtime\,IConnectionSettings.cs,2021-06-23 17:21:11 +0300 MSK,1648,7b3bcf0e77e443f9ccbb607698c0b427
C:\Users\forma\OneDrive\Документы\Tessa\RU.98293548.506180-01 12 01\tessa-gos-tessa\src\Libraries\Tessa\Platform\Runtime\,IErrorDescription.cs,2021-06-23 17:21:11 +0300 MSK,1352,f892fbffb8f78313b6e7a52ccad1e7d9
C:\Users\forma\OneDrive\Документы\Tessa\RU.98293548.506180-01 12 01\tessa-gos-tessa\src\Libraries\Tessa\Platform\Runtime\,IErrorDescriptionSerializer.cs,2021-06-23 17:21:11 +0300 MSK,659,df9baaaaddd0c312625164e5041c44ae
C:\Users\forma\OneDrive\Документы\Tessa\RU.98293548.506180-01 12 01\tessa-gos-tessa\src\Libraries\Tessa\Platform\Runtime\,IErrorDetailWriter.cs,2021-06-23 17:21:11 +0300 MSK,899,b8f4f5b4d8cde2909baaab488dece3f2
C:\Users\forma\OneDrive\Документы\Tessa\RU.98293548.506180-01 12 01\tessa-gos-tessa\src\Libraries\Tessa\Platform\Runtime\,IErrorDetails.cs,2021-06-23 17:21:11 +0300 MSK,466,53b5b59ec4f1f25a00efdac46e6098a9
C:\Users\forma\OneDrive\Документы\Tessa\RU.98293548.506180-01 12 01\tessa-gos-tessa\src\Libraries\Tessa\Platform\Runtime\,IErrorFile.cs,2021-06-23 17:21:11 +0300 MSK,741,fd7c55b97f1422b6bd4abcda1f2e1c6d
C:\Users\forma\OneDrive\Документы\Tessa\RU.98293548.506180-01 12 01\tessa-gos-tessa\src\Libraries\Tessa\Platform\Runtime\,IErrorManager.cs,2021-06-23 17:21:11 +0300 MSK,999,8acfb129f70dd894f3ccc423d35b6b42
C:\Users\forma\OneDrive\Документы\Tessa\RU.98293548.506180-01 12 01\tessa-gos-tessa\src\Libraries\Tessa\Platform\Runtime\,IHttpClientFactory.cs,2021-06-23 17:21:11 +0300 MSK,1314,5ffd3f90b255860ef3ca7834aa38b63e
C:\Users\forma\OneDrive\Документы\Tessa\RU.98293548.506180-01 12 01\tessa-gos-tessa\src\Libraries\Tessa\Platform\Runtime\,IHttpClientPool.cs,2021-06-23 17:21:11 +0300 MSK,288,7a929a2ab957005e56877c795330ff93
C:\Users\forma\OneDrive\Документы\Tessa\RU.98293548.506180-01 12 01\tessa-gos-tessa\src\Libraries\Tessa\Platform\Runtime\,IImpersonationContext.cs,2021-06-23 17:21:11 +0300 MSK,1207,af5f36476e7678af5f92d1f8740b34f0
C:\Users\forma\OneDrive\Документы\Tessa\RU.98293548.506180-01 12 01\tessa-gos-tessa\src\Libraries\Tessa\Platform\Runtime\,ILoginParameters.cs,2021-06-23 17:21:11 +0300 MSK,534,836d05adeeda202a8be19b0380002b1f
C:\Users\forma\OneDrive\Документы\Tessa\RU.98293548.506180-01 12 01\tessa-gos-tessa\src\Libraries\Tessa\Platform\Runtime\,ILoginProvider.cs,2021-06-23 17:21:11 +0300 MSK,881,d0dc2bec6bd5f3790a2cbb5c721164bd
C:\Users\forma\OneDrive\Документы\Tessa\RU.98293548.506180-01 12 01\tessa-gos-tessa\src\Libraries\Tessa\Platform\Runtime\,ILoginService.cs,2021-06-23 17:21:11 +0300 MSK,1077,d320e37f5b65bc4600b7ad30b9e5dca4
C:\Users\forma\OneDrive\Документы\Tessa\RU.98293548.506180-01 12 01\tessa-gos-tessa\src\Libraries\Tessa\Platform\Runtime\,ILoginServiceLegacy.cs,2021-06-23 17:21:11 +0300 MSK,867,ed1cf0834ee8371e8ffec88fdba0b473
C:\Users\forma\OneDrive\Документы\Tessa\RU.98293548.506180-01 12 01\tessa-gos-tessa\src\Libraries\Tessa\Platform\Runtime\,IMessageProvider.cs,2021-06-23 17:21:11 +0300 MSK,1302,f51fca60e6867a300a7213c20c19e3dc
C:\Users\forma\OneDrive\Документы\Tessa\RU.98293548.506180-01 12 01\tessa-gos-tessa\src\Libraries\Tessa\Platform\Runtime\,IProcessManager.cs,2021-06-23 17:21:11 +0300 MSK,757,2079a46fc2c3494a2659ad5e862e1359
C:\Users\forma\OneDrive\Документы\Tessa\RU.98293548.506180-01 12 01\tessa-gos-tessa\src\Libraries\Tessa\Platform\Runtime\,IRuntimeSettings.cs,2021-06-23 17:21:11 +0300 MSK,492,856818eed3b69b45c34fbc19e4234854
C:\Users\forma\OneDrive\Документы\Tessa\RU.98293548.506180-01 12 01\tessa-gos-tessa\src\Libraries\Tessa\Platform\Runtime\,IServerSecurityOptions.cs,2021-06-23 17:21:11 +0300 MSK,2236,052fa6f5823431bc3b36641db3ffd26b
C:\Users\forma\OneDrive\Документы\Tessa\RU.98293548.506180-01 12 01\tessa-gos-tessa\src\Libraries\Tessa\Platform\Runtime\,IServerSecurityProvider.cs,2021-06-23 17:21:11 +0300 MSK,894,fd20438bbb024f25aa53fb94dc1a1ac3
C:\Users\forma\OneDrive\Документы\Tessa\RU.98293548.506180-01 12 01\tessa-gos-tessa\src\Libraries\Tessa\Platform\Runtime\,IServiceRouteSettings.cs,2021-06-23 17:21:11 +0300 MSK,1226,5521f7f1b0e91d2a3fbf407db34e8d7e
C:\Users\forma\OneDrive\Документы\Tessa\RU.98293548.506180-01 12 01\tessa-gos-tessa\src\Libraries\Tessa\Platform\Runtime\,IServiceRouter.cs,2021-06-23 17:21:11 +0300 MSK,950,4bb3d23b0fd4780a763689edbab44cad
C:\Users\forma\OneDrive\Документы\Tessa\RU.98293548.506180-01 12 01\tessa-gos-tessa\src\Libraries\Tessa\Platform\Runtime\,ISession.cs,2021-06-23 17:21:11 +0300 MSK,1333,4f514ffb559d2a88b29a043b2114c54d
C:\Users\forma\OneDrive\Документы\Tessa\RU.98293548.506180-01 12 01\tessa-gos-tessa\src\Libraries\Tessa\Platform\Runtime\,ISessionClient.cs,2021-06-23 17:21:11 +0300 MSK,1443,c037f52f9b321d2250ff18aca0162337
C:\Users\forma\OneDrive\Документы\Tessa\RU.98293548.506180-01 12 01\tessa-gos-tessa\src\Libraries\Tessa\Platform\Runtime\,ISessionContext.cs,2021-06-23 17:21:11 +0300 MSK,354,326110fc58b198834c44d2dd64464c95
C:\Users\forma\OneDrive\Документы\Tessa\RU.98293548.506180-01 12 01\tessa-gos-tessa\src\Libraries\Tessa\Platform\Runtime\,ISessionCredentials.cs,2021-06-23 17:21:11 +0300 MSK,876,9e8b4fe82c380f98b8be4161bd55aa87
C:\Users\forma\OneDrive\Документы\Tessa\RU.98293548.506180-01 12 01\tessa-gos-tessa\src\Libraries\Tessa\Platform\Runtime\,ISessionHostInfoProvider.cs,2021-06-23 17:21:11 +0300 MSK,606,3f1bf38dad7c0aebf1c5442d0d60bd94
C:\Users\forma\OneDrive\Документы\Tessa\RU.98293548.506180-01 12 01\tessa-gos-tessa\src\Libraries\Tessa\Platform\Runtime\,ISessionLoginContext.cs,2021-06-23 17:21:11 +0300 MSK,1218,3a962506b1154be977611458a99b6b08
C:\Users\forma\OneDrive\Документы\Tessa\RU.98293548.506180-01 12 01\tessa-gos-tessa\src\Libraries\Tessa\Platform\Runtime\,ISessionLoginProvider.cs,2021-06-23 17:21:11 +0300 MSK,474,350e7c12e67ed1a05e275dfb26ed114d
C:\Users\forma\OneDrive\Документы\Tessa\RU.98293548.506180-01 12 01\tessa-gos-tessa\src\Libraries\Tessa\Platform\Runtime\,ISessionManager.cs,2021-06-23 17:21:11 +0300 MSK,1605,ba921634e7b820e8496d4e3ed5af024a
C:\Users\forma\OneDrive\Документы\Tessa\RU.98293548.506180-01 12 01\tessa-gos-tessa\src\Libraries\Tessa\Platform\Runtime\,ISessionSerializableObject.cs,2021-06-23 17:21:11 +0300 MSK,1957,b3a32cf7db76f77b115f2c4bfdf31216
C:\Users\forma\OneDrive\Документы\Tessa\RU.98293548.506180-01 12 01\tessa-gos-tessa\src\Libraries\Tessa\Platform\Runtime\,ISessionServer.cs,2021-06-23 17:21:11 +0300 MSK,3749,b0410a221e83388de2e29921a40bbb8b
C:\Users\forma\OneDrive\Документы\Tessa\RU.98293548.506180-01 12 01\tessa-gos-tessa\src\Libraries\Tessa\Platform\Runtime\,ISessionService.cs,2021-06-23 17:21:11 +0300 MSK,1153,7696b8e97d772b5bf6fb02efd3885f0d
C:\Users\forma\OneDrive\Документы\Tessa\RU.98293548.506180-01 12 01\tessa-gos-tessa\src\Libraries\Tessa\Platform\Runtime\,ISessionServiceLegacy.cs,2021-06-23 17:21:11 +0300 MSK,1140,5ca1f2357d203d31e3fe0560b692f15e
C:\Users\forma\OneDrive\Документы\Tessa\RU.98293548.506180-01 12 01\tessa-gos-tessa\src\Libraries\Tessa\Platform\Runtime\,ISessionToken.cs,2021-06-23 17:21:11 +0300 MSK,3448,f0214de64a55a55c2e086d137d210dee
C:\Users\forma\OneDrive\Документы\Tessa\RU.98293548.506180-01 12 01\tessa-gos-tessa\src\Libraries\Tessa\Platform\Runtime\,ISessionTokenHolder.cs,2021-06-23 17:21:11 +0300 MSK,941,ea3ca6f39d2194cae26685b6b9f4fd92
C:\Users\forma\OneDrive\Документы\Tessa\RU.98293548.506180-01 12 01\tessa-gos-tessa\src\Libraries\Tessa\Platform\Runtime\,ISessionUserInfo.cs,2021-06-23 17:21:11 +0300 MSK,1856,359c0b5c7f8b563e3eba8f05ffad5ea0
C:\Users\forma\OneDrive\Документы\Tessa\RU.98293548.506180-01 12 01\tessa-gos-tessa\src\Libraries\Tessa\Platform\Runtime\,ISessionVersionHolder.cs,2021-06-23 17:21:11 +0300 MSK,2107,b5a045cc710758dc69e0125b5a814d9d
C:\Users\forma\OneDrive\Документы\Tessa\RU.98293548.506180-01 12 01\tessa-gos-tessa\src\Libraries\Tessa\Platform\Runtime\,ITypeInfoResolver.cs,2021-06-23 17:21:11 +0300 MSK,842,578c29d1cbe638d917fc9285160f4d97
C:\Users\forma\OneDrive\Документы\Tessa\RU.98293548.506180-01 12 01\tessa-gos-tessa\src\Libraries\Tessa\Platform\Runtime\,IUser.cs,2021-06-23 17:21:11 +0300 MSK,521,644845d7239c60a94b74187d042cf7a8
C:\Users\forma\OneDrive\Документы\Tessa\RU.98293548.506180-01 12 01\tessa-gos-tessa\src\Libraries\Tessa\Platform\Runtime\,IUserBlockingManager.cs,2021-06-23 17:21:11 +0300 MSK,777,9e1d8ade2cbaa5290801f08d9b07256e
C:\Users\forma\OneDrive\Документы\Tessa\RU.98293548.506180-01 12 01\tessa-gos-tessa\src\Libraries\Tessa\Platform\Runtime\,IUserCipherInfoEncryptor.cs,2021-06-23 17:21:11 +0300 MSK,2139,b39b6337aa43ba394ac9f27701f23561
C:\Users\forma\OneDrive\Документы\Tessa\RU.98293548.506180-01 12 01\tessa-gos-tessa\src\Libraries\Tessa\Platform\Runtime\,IUserCipherInfoManager.cs,2021-06-23 17:21:11 +0300 MSK,1524,fbfdb5205418e54e881a5add49b2d6b5
C:\Users\forma\OneDrive\Документы\Tessa\RU.98293548.506180-01 12 01\tessa-gos-tessa\src\Libraries\Tessa\Platform\Runtime\,IUserCipherInfoProvider.cs,2021-06-23 17:21:11 +0300 MSK,978,3784baa8b7d11d20ffcfddce6e743870
C:\Users\forma\OneDrive\Документы\Tessa\RU.98293548.506180-01 12 01\tessa-gos-tessa\src\Libraries\Tessa\Platform\Runtime\,IUserCipherInfoService.cs,2021-06-23 17:21:11 +0300 MSK,1044,9fddf429e6d0483264b8dae756e447ee
C:\Users\forma\OneDrive\Документы\Tessa\RU.98293548.506180-01 12 01\tessa-gos-tessa\src\Libraries\Tessa\Platform\Runtime\,IUserPasswordValidator.cs,2021-06-23 17:21:11 +0300 MSK,722,5decc5142d98d9feb8d9ec4220a8c413
C:\Users\forma\OneDrive\Документы\Tessa\RU.98293548.506180-01 12 01\tessa-gos-tessa\src\Libraries\Tessa\Platform\Runtime\,IUserSecurityLockingStrategy.cs,2021-06-23 17:21:11 +0300 MSK,697,55811d4ee78ad800a7b577154f4844f2
C:\Users\forma\OneDrive\Документы\Tessa\RU.98293548.506180-01 12 01\tessa-gos-tessa\src\Libraries\Tessa\Platform\Runtime\,IUserSecurityProvider.cs,2021-06-23 17:21:11 +0300 MSK,908,19cf31cdb7c61078870558e570f838bc
C:\Users\forma\OneDrive\Документы\Tessa\RU.98293548.506180-01 12 01\tessa-gos-tessa\src\Libraries\Tessa\Platform\Runtime\,IWebProxy.cs,2021-06-23 17:21:11 +0300 MSK,1421,2481a3597c70f984a14ea91c98ec467e
C:\Users\forma\OneDrive\Документы\Tessa\RU.98293548.506180-01 12 01\tessa-gos-tessa\src\Libraries\Tessa\Platform\Runtime\,IWebProxyFactory.cs,2021-06-23 17:21:11 +0300 MSK,744,4f4de151548c59d0c71563990486e87c
C:\Users\forma\OneDrive\Документы\Tessa\RU.98293548.506180-01 12 01\tessa-gos-tessa\src\Libraries\Tessa\Platform\Runtime\,JobProcessManager.cs,2021-06-23 17:21:11 +0300 MSK,2120,f16bf83322e7a77343c3ec8cf14978a1
C:\Users\forma\OneDrive\Документы\Tessa\RU.98293548.506180-01 12 01\tessa-gos-tessa\src\Libraries\Tessa\Platform\Runtime\,LazyProcessManager.cs,2021-06-23 17:21:11 +0300 MSK,2791,b2915dbbc3e887b073a65c41aa001b2b
C:\Users\forma\OneDrive\Документы\Tessa\RU.98293548.506180-01 12 01\tessa-gos-tessa\src\Libraries\Tessa\Platform\Runtime\,LdapAuthenticationService.cs,2021-06-23 17:21:11 +0300 MSK,9515,9ffb17232d6ff2a1d7f3325201e518e5
C:\Users\forma\OneDrive\Документы\Tessa\RU.98293548.506180-01 12 01\tessa-gos-tessa\src\Libraries\Tessa\Platform\Runtime\,LoggerMessageProvider.cs,2021-06-23 17:21:11 +0300 MSK,3204,af815602cb61d90fab0efcf9c9fde001
C:\Users\forma\OneDrive\Документы\Tessa\RU.98293548.506180-01 12 01\tessa-gos-tessa\src\Libraries\Tessa\Platform\Runtime\,LoginBinaryWebProxy.cs,2021-06-23 17:21:11 +0300 MSK,4540,fa87fb5213a1f158164caf0709acf3b2
C:\Users\forma\OneDrive\Документы\Tessa\RU.98293548.506180-01 12 01\tessa-gos-tessa\src\Libraries\Tessa\Platform\Runtime\,LoginParameters.cs,2021-06-23 17:21:11 +0300 MSK,644,5320e7f5d1ee3b436af73845d292d101
C:\Users\forma\OneDrive\Документы\Tessa\RU.98293548.506180-01 12 01\tessa-gos-tessa\src\Libraries\Tessa\Platform\Runtime\,LoginService.cs,2021-06-23 17:21:11 +0300 MSK,2662,da61a50dc798753bcd369de71777a2d6
C:\Users\forma\OneDrive\Документы\Tessa\RU.98293548.506180-01 12 01\tessa-gos-tessa\src\Libraries\Tessa\Platform\Runtime\,LoginServiceBinaryClient.cs,2021-06-23 17:21:11 +0300 MSK,3444,90553cc192747f8b20955d7881a90e1e
C:\Users\forma\OneDrive\Документы\Tessa\RU.98293548.506180-01 12 01\tessa-gos-tessa\src\Libraries\Tessa\Platform\Runtime\,LoginServiceClient.cs,2021-06-23 17:21:11 +0300 MSK,3888,c0413127084d08e2e34de17c15cb3ee6
C:\Users\forma\OneDrive\Документы\Tessa\RU.98293548.506180-01 12 01\tessa-gos-tessa\src\Libraries\Tessa\Platform\Runtime\,LoginServiceLegacy2X.cs,2021-06-23 17:21:11 +0300 MSK,2010,425e30cc96c19d4e74256e0bd8404cf3
C:\Users\forma\OneDrive\Документы\Tessa\RU.98293548.506180-01 12 01\tessa-gos-tessa\src\Libraries\Tessa\Platform\Runtime\,LoginServiceLegacyProxy.cs,2021-06-23 17:21:11 +0300 MSK,5302,2a9cd16435df826d589b958da3cf7f37
C:\Users\forma\OneDrive\Документы\Tessa\RU.98293548.506180-01 12 01\tessa-gos-tessa\src\Libraries\Tessa\Platform\Runtime\,LoginServiceRouter.cs,2021-06-23 17:21:11 +0300 MSK,11431,c6553ac2b100f1cfb018dfa2f22b7c7f
C:\Users\forma\OneDrive\Документы\Tessa\RU.98293548.506180-01 12 01\tessa-gos-tessa\src\Libraries\Tessa\Platform\Runtime\,LoginWebProxy.cs,2021-06-23 17:21:11 +0300 MSK,3355,ca58555d359a312b8fd2bb8801857bf0
C:\Users\forma\OneDrive\Документы\Tessa\RU.98293548.506180-01 12 01\tessa-gos-tessa\src\Libraries\Tessa\Platform\Runtime\,LogonProvider.cs,2021-06-23 17:21:11 +0300 MSK,803,7b9a9fcaff1f9458787fcb640301cbae
C:\Users\forma\OneDrive\Документы\Tessa\RU.98293548.506180-01 12 01\tessa-gos-tessa\src\Libraries\Tessa\Platform\Runtime\,LogonType.cs,2021-06-23 17:21:11 +0300 MSK,2779,79175495f3015d82533c8d957988b901
C:\Users\forma\OneDrive\Документы\Tessa\RU.98293548.506180-01 12 01\tessa-gos-tessa\src\Libraries\Tessa\Platform\Runtime\,MediaTypes.cs,2021-06-23 17:21:11 +0300 MSK,3342,e7e9a973f41dad57709a3769c499c13a
C:\Users\forma\OneDrive\Документы\Tessa\RU.98293548.506180-01 12 01\tessa-gos-tessa\src\Libraries\Tessa\Platform\Runtime\,MessageInspectorEndpointBehavior.cs,2021-06-23 17:21:11 +0300 MSK,1858,8705ed6ab610e627d5c238384fae3f91
C:\Users\forma\OneDrive\Документы\Tessa\RU.98293548.506180-01 12 01\tessa-gos-tessa\src\Libraries\Tessa\Platform\Runtime\,OpenSessionRequest.cs,2021-06-23 17:21:11 +0300 MSK,9341,36d9b9de848ebe81e833bc9a38dc288c
C:\Users\forma\OneDrive\Документы\Tessa\RU.98293548.506180-01 12 01\tessa-gos-tessa\src\Libraries\Tessa\Platform\Runtime\,ProcessJob.cs,2021-06-23 17:21:11 +0300 MSK,4002,586dd8c9010de0940e69315ec22ca509
C:\Users\forma\OneDrive\Документы\Tessa\RU.98293548.506180-01 12 01\tessa-gos-tessa\src\Libraries\Tessa\Platform\Runtime\,ProcessManager.cs,2021-06-23 17:21:11 +0300 MSK,8199,12491c45674a3f8bf859eb7e344ab0b0
C:\Users\forma\OneDrive\Документы\Tessa\RU.98293548.506180-01 12 01\tessa-gos-tessa\src\Libraries\Tessa\Platform\Runtime\,RuntimeExtensions.Windows.cs,2021-06-23 17:21:11 +0300 MSK,10361,e704803fb3b649731f3b318c6bc9aae2
C:\Users\forma\OneDrive\Документы\Tessa\RU.98293548.506180-01 12 01\tessa-gos-tessa\src\Libraries\Tessa\Platform\Runtime\,RuntimeExtensions.cs,2021-06-23 17:21:11 +0300 MSK,87568,0ee828b96924149cefe962d9364c0e86
C:\Users\forma\OneDrive\Документы\Tessa\RU.98293548.506180-01 12 01\tessa-gos-tessa\src\Libraries\Tessa\Platform\Runtime\,RuntimeHelper.Windows.cs,2021-06-23 17:21:11 +0300 MSK,8324,507777aab149cc828a37213ad6641caf
C:\Users\forma\OneDrive\Документы\Tessa\RU.98293548.506180-01 12 01\tessa-gos-tessa\src\Libraries\Tessa\Platform\Runtime\,RuntimeHelper.cs,2021-06-23 17:21:11 +0300 MSK,83578,61ff1afa1d28cc6f7c5089d8f080589f
C:\Users\forma\OneDrive\Документы\Tessa\RU.98293548.506180-01 12 01\tessa-gos-tessa\src\Libraries\Tessa\Platform\Runtime\,RuntimeSettings.cs,2021-06-23 17:21:11 +0300 MSK,610,42c4b0178c201e782768fdffb39d0acf
C:\Users\forma\OneDrive\Документы\Tessa\RU.98293548.506180-01 12 01\tessa-gos-tessa\src\Libraries\Tessa\Platform\Runtime\,ServerConfigurationInfoProvider.cs,2021-06-23 17:21:11 +0300 MSK,4791,7330240bd7ee79c75615e25f6856d44e
C:\Users\forma\OneDrive\Документы\Tessa\RU.98293548.506180-01 12 01\tessa-gos-tessa\src\Libraries\Tessa\Platform\Runtime\,ServerConfigurationVersionProvider.cs,2021-06-23 17:21:11 +0300 MSK,3491,65372493aa413d6d9684b7449e1f8bc8
C:\Users\forma\OneDrive\Документы\Tessa\RU.98293548.506180-01 12 01\tessa-gos-tessa\src\Libraries\Tessa\Platform\Runtime\,ServerSecurityOptions.cs,2021-06-23 17:21:11 +0300 MSK,9419,70d9672ecedf470217a993c4ec3fc95f
C:\Users\forma\OneDrive\Документы\Tessa\RU.98293548.506180-01 12 01\tessa-gos-tessa\src\Libraries\Tessa\Platform\Runtime\,ServerSecurityProvider.cs,2021-06-23 17:21:11 +0300 MSK,7785,f5a8ab02a5bb2560ccb292e4f19158d8
C:\Users\forma\OneDrive\Документы\Tessa\RU.98293548.506180-01 12 01\tessa-gos-tessa\src\Libraries\Tessa\Platform\Runtime\,ServiceNotFoundException.cs,2021-06-23 17:21:11 +0300 MSK,2039,3f23586eb8813c464dd73eb0f85bad93
C:\Users\forma\OneDrive\Документы\Tessa\RU.98293548.506180-01 12 01\tessa-gos-tessa\src\Libraries\Tessa\Platform\Runtime\,ServiceRoute.cs,2021-06-23 17:21:11 +0300 MSK,830,6e5ae4a813e8ce2c4af1a4fe07550e02
C:\Users\forma\OneDrive\Документы\Tessa\RU.98293548.506180-01 12 01\tessa-gos-tessa\src\Libraries\Tessa\Platform\Runtime\,ServiceRouteSettings.cs,2021-06-23 17:21:11 +0300 MSK,2160,99a659eea1c1fe7a895ccbc41c2c41ad
C:\Users\forma\OneDrive\Документы\Tessa\RU.98293548.506180-01 12 01\tessa-gos-tessa\src\Libraries\Tessa\Platform\Runtime\,ServiceRouter.cs,2021-06-23 17:21:11 +0300 MSK,4319,2d074e1b31413c46a4dd4c9582a111a9
C:\Users\forma\OneDrive\Документы\Tessa\RU.98293548.506180-01 12 01\tessa-gos-tessa\src\Libraries\Tessa\Platform\Runtime\,Session.cs,2021-06-23 17:21:11 +0300 MSK,11356,d5a06ce3cb295b3515be3fb0b07561d9
C:\Users\forma\OneDrive\Документы\Tessa\RU.98293548.506180-01 12 01\tessa-gos-tessa\src\Libraries\Tessa\Platform\Runtime\,SessionClient.cs,2021-06-23 17:21:11 +0300 MSK,3882,d06d879e08c095da1b5a878177c969bd
C:\Users\forma\OneDrive\Документы\Tessa\RU.98293548.506180-01 12 01\tessa-gos-tessa\src\Libraries\Tessa\Platform\Runtime\,SessionClientParameters.cs,2021-06-23 17:21:11 +0300 MSK,10303,4138d7a246055d6ed2a1de7589462f4a
C:\Users\forma\OneDrive\Документы\Tessa\RU.98293548.506180-01 12 01\tessa-gos-tessa\src\Libraries\Tessa\Platform\Runtime\,SessionContext.cs,2021-06-23 17:21:11 +0300 MSK,4316,9b7ebd2404969f07dd8639d088f246b2
C:\Users\forma\OneDrive\Документы\Tessa\RU.98293548.506180-01 12 01\tessa-gos-tessa\src\Libraries\Tessa\Platform\Runtime\,SessionCredentials.cs,2021-06-23 17:21:11 +0300 MSK,2262,36e99e59fe319b3ca3cef5095a7fa2ac
C:\Users\forma\OneDrive\Документы\Tessa\RU.98293548.506180-01 12 01\tessa-gos-tessa\src\Libraries\Tessa\Platform\Runtime\,SessionException.cs,2021-06-23 17:21:11 +0300 MSK,2797,0208c18623b5368e970bccd11e97b2af
C:\Users\forma\OneDrive\Документы\Tessa\RU.98293548.506180-01 12 01\tessa-gos-tessa\src\Libraries\Tessa\Platform\Runtime\,SessionExceptionCode.cs,2021-06-23 17:21:11 +0300 MSK,8994,f5d672b6a37e8a3ac023b56ba6818b92
C:\Users\forma\OneDrive\Документы\Tessa\RU.98293548.506180-01 12 01\tessa-gos-tessa\src\Libraries\Tessa\Platform\Runtime\,SessionHttpRequestHeader.cs,2021-06-23 17:21:11 +0300 MSK,2321,f3fa236dae9804e284dea11dcaf79833
C:\Users\forma\OneDrive\Документы\Tessa\RU.98293548.506180-01 12 01\tessa-gos-tessa\src\Libraries\Tessa\Platform\Runtime\,SessionInternalSettings.cs,2021-06-23 17:21:11 +0300 MSK,3391,7eaa68d0b598bb6727e1e18d9d25e21f
C:\Users\forma\OneDrive\Документы\Tessa\RU.98293548.506180-01 12 01\tessa-gos-tessa\src\Libraries\Tessa\Platform\Runtime\,SessionLicenseType.cs,2021-06-23 17:21:11 +0300 MSK,578,4274d78aaff766d81516b3da659f47f1
C:\Users\forma\OneDrive\Документы\Tessa\RU.98293548.506180-01 12 01\tessa-gos-tessa\src\Libraries\Tessa\Platform\Runtime\,SessionLoginContext.cs,2021-06-23 17:21:11 +0300 MSK,1850,45c47912c5e80c3e51bb32c4691fecb4
C:\Users\forma\OneDrive\Документы\Tessa\RU.98293548.506180-01 12 01\tessa-gos-tessa\src\Libraries\Tessa\Platform\Runtime\,SessionLoginType.cs,2021-06-23 17:21:11 +0300 MSK,423,aa9c4188f21b690bb7c0e359b1c10fd6
C:\Users\forma\OneDrive\Документы\Tessa\RU.98293548.506180-01 12 01\tessa-gos-tessa\src\Libraries\Tessa\Platform\Runtime\,SessionManager.cs,2021-06-23 17:21:11 +0300 MSK,21992,6a6b0044c2c88800ac7a92871483cb1b
C:\Users\forma\OneDrive\Документы\Tessa\RU.98293548.506180-01 12 01\tessa-gos-tessa\src\Libraries\Tessa\Platform\Runtime\,SessionMessageInspector.cs,2021-06-23 17:21:11 +0300 MSK,2812,efa90dec031d1c7de6d2e289dbc8a283
C:\Users\forma\OneDrive\Документы\Tessa\RU.98293548.506180-01 12 01\tessa-gos-tessa\src\Libraries\Tessa\Platform\Runtime\,SessionSerializableObject.cs,2021-06-23 17:21:11 +0300 MSK,27407,f2f134ad9dacd155cf4e49c07075b0fb
C:\Users\forma\OneDrive\Документы\Tessa\RU.98293548.506180-01 12 01\tessa-gos-tessa\src\Libraries\Tessa\Platform\Runtime\,SessionSerializationMode.cs,2021-06-23 17:21:11 +0300 MSK,875,68164971d838d968ceb18ad11a473dd5
C:\Users\forma\OneDrive\Документы\Tessa\RU.98293548.506180-01 12 01\tessa-gos-tessa\src\Libraries\Tessa\Platform\Runtime\,SessionSerializationOptions.cs,2021-06-23 17:21:11 +0300 MSK,3765,cddd887a8e92cd9f00c48f21e9fb07cc
C:\Users\forma\OneDrive\Документы\Tessa\RU.98293548.506180-01 12 01\tessa-gos-tessa\src\Libraries\Tessa\Platform\Runtime\,SessionServer.cs,2021-06-23 17:21:11 +0300 MSK,86685,5e60f44e03e1ecd4debd20225a23bab1
C:\Users\forma\OneDrive\Документы\Tessa\RU.98293548.506180-01 12 01\tessa-gos-tessa\src\Libraries\Tessa\Platform\Runtime\,SessionService.cs,2021-06-23 17:21:11 +0300 MSK,4015,c75d8049fe0b5fd5f7edb83cb1ef9ecc
C:\Users\forma\OneDrive\Документы\Tessa\RU.98293548.506180-01 12 01\tessa-gos-tessa\src\Libraries\Tessa\Platform\Runtime\,SessionServiceAttribute.cs,2021-06-23 17:21:11 +0300 MSK,2535,690b83ff0dd5c6869aabc0f826c40fcf
C:\Users\forma\OneDrive\Документы\Tessa\RU.98293548.506180-01 12 01\tessa-gos-tessa\src\Libraries\Tessa\Platform\Runtime\,SessionServiceBinaryClient.cs,2021-06-23 17:21:11 +0300 MSK,3111,5b3165e8b6130ba03274c3db01d92c73
C:\Users\forma\OneDrive\Документы\Tessa\RU.98293548.506180-01 12 01\tessa-gos-tessa\src\Libraries\Tessa\Platform\Runtime\,SessionServiceClient.cs,2021-06-23 17:21:11 +0300 MSK,3000,1dd499e555915a1f8e43c12e98ce043a
C:\Users\forma\OneDrive\Документы\Tessa\RU.98293548.506180-01 12 01\tessa-gos-tessa\src\Libraries\Tessa\Platform\Runtime\,SessionServiceLegacy2X.cs,2021-06-23 17:21:11 +0300 MSK,2388,a3448dc3fb04b65a210e721c928b88b5
C:\Users\forma\OneDrive\Документы\Tessa\RU.98293548.506180-01 12 01\tessa-gos-tessa\src\Libraries\Tessa\Platform\Runtime\,SessionServiceRouter.cs,2021-06-23 17:21:11 +0300 MSK,2698,512cefebd00d98347bc1945f12ee29a4
C:\Users\forma\OneDrive\Документы\Tessa\RU.98293548.506180-01 12 01\tessa-gos-tessa\src\Libraries\Tessa\Platform\Runtime\,SessionServiceType.cs,2021-06-23 17:21:11 +0300 MSK,1379,0f74eac0dc8718bc0d90cefb29e15c84
C:\Users\forma\OneDrive\Документы\Tessa\RU.98293548.506180-01 12 01\tessa-gos-tessa\src\Libraries\Tessa\Platform\Runtime\,SessionToken.cs,2021-06-23 17:21:11 +0300 MSK,57945,a992808bb26beb223965ace947b51c2d
C:\Users\forma\OneDrive\Документы\Tessa\RU.98293548.506180-01 12 01\tessa-gos-tessa\src\Libraries\Tessa\Platform\Runtime\,SessionTokenHolder.cs,2021-06-23 17:21:11 +0300 MSK,1643,2c54e4f8ae89ce3f7b02f05699848bcb
C:\Users\forma\OneDrive\Документы\Tessa\RU.98293548.506180-01 12 01\tessa-gos-tessa\src\Libraries\Tessa\Platform\Runtime\,SessionType.cs,2021-06-23 17:21:11 +0300 MSK,1027,b1c571b80f72f665e335977deea6152e
C:\Users\forma\OneDrive\Документы\Tessa\RU.98293548.506180-01 12 01\tessa-gos-tessa\src\Libraries\Tessa\Platform\Runtime\,SessionUserInfo.cs,2021-06-23 17:21:11 +0300 MSK,6899,f357654ad0dc9f1b7d4e7cb09188bd12
C:\Users\forma\OneDrive\Документы\Tessa\RU.98293548.506180-01 12 01\tessa-gos-tessa\src\Libraries\Tessa\Platform\Runtime\,SessionVersionHolder.cs,2021-06-23 17:21:11 +0300 MSK,939,e62be8d79c16a34d637fb39cf81a9495
C:\Users\forma\OneDrive\Документы\Tessa\RU.98293548.506180-01 12 01\tessa-gos-tessa\src\Libraries\Tessa\Platform\Runtime\,SessionsBinaryWebProxy.cs,2021-06-23 17:21:11 +0300 MSK,2099,619b2b0ac49f3476a53b5fa139d39c51
C:\Users\forma\OneDrive\Документы\Tessa\RU.98293548.506180-01 12 01\tessa-gos-tessa\src\Libraries\Tessa\Platform\Runtime\,SessionsWebProxy.cs,2021-06-23 17:21:11 +0300 MSK,2017,50d3e91a06a9329b7a26f03520deff04
C:\Users\forma\OneDrive\Документы\Tessa\RU.98293548.506180-01 12 01\tessa-gos-tessa\src\Libraries\Tessa\Platform\Runtime\,TessaHttpContent.cs,2021-06-23 17:21:11 +0300 MSK,8027,9865bee056173dc7f14ae702457a4914
C:\Users\forma\OneDrive\Документы\Tessa\RU.98293548.506180-01 12 01\tessa-gos-tessa\src\Libraries\Tessa\Platform\Runtime\,User.cs,2021-06-23 17:21:11 +0300 MSK,3177,b10fe1dd50175e6165764c9437266198
C:\Users\forma\OneDrive\Документы\Tessa\RU.98293548.506180-01 12 01\tessa-gos-tessa\src\Libraries\Tessa\Platform\Runtime\,UserAccessLevel.cs,2021-06-23 17:21:11 +0300 MSK,779,8bba25261e3c616f167992c843bebced
C:\Users\forma\OneDrive\Документы\Tessa\RU.98293548.506180-01 12 01\tessa-gos-tessa\src\Libraries\Tessa\Platform\Runtime\,UserBlockingManager.cs,2021-06-23 17:21:11 +0300 MSK,3560,bb3c5952194cb4c6d997e304e9142c82
C:\Users\forma\OneDrive\Документы\Tessa\RU.98293548.506180-01 12 01\tessa-gos-tessa\src\Libraries\Tessa\Platform\Runtime\,UserCipherInfoEncryptor.cs,2021-06-23 17:21:11 +0300 MSK,4508,b1220728435f54602992e6d7d95db936
C:\Users\forma\OneDrive\Документы\Tessa\RU.98293548.506180-01 12 01\tessa-gos-tessa\src\Libraries\Tessa\Platform\Runtime\,UserCipherInfoManager.cs,2021-06-23 17:21:11 +0300 MSK,4059,8306d519d21b9402f4437e05f0686eb6
C:\Users\forma\OneDrive\Документы\Tessa\RU.98293548.506180-01 12 01\tessa-gos-tessa\src\Libraries\Tessa\Platform\Runtime\,UserCipherInfoObject.cs,2021-06-23 17:21:11 +0300 MSK,10246,b991fb3e54180f39b64789135caa74a1
C:\Users\forma\OneDrive\Документы\Tessa\RU.98293548.506180-01 12 01\tessa-gos-tessa\src\Libraries\Tessa\Platform\Runtime\,UserCipherInfoProvider.cs,2021-06-23 17:21:11 +0300 MSK,3826,2e220fd54dbd1c7453cfb541d1115bd8
C:\Users\forma\OneDrive\Документы\Tessa\RU.98293548.506180-01 12 01\tessa-gos-tessa\src\Libraries\Tessa\Platform\Runtime\,UserCipherInfoService.cs,2021-06-23 17:21:11 +0300 MSK,7771,509f1c7321a384124329a9b1e931cee6
C:\Users\forma\OneDrive\Документы\Tessa\RU.98293548.506180-01 12 01\tessa-gos-tessa\src\Libraries\Tessa\Platform\Runtime\,UserLoginType.cs,2021-06-23 17:21:11 +0300 MSK,1911,81507fb17fb75f11a749196c344d2be2
C:\Users\forma\OneDrive\Документы\Tessa\RU.98293548.506180-01 12 01\tessa-gos-tessa\src\Libraries\Tessa\Platform\Runtime\,UserPasswordValidator.cs,2021-06-23 17:21:11 +0300 MSK,5946,d548d5f6e4b1452cc321ed9a6f764987
C:\Users\forma\OneDrive\Документы\Tessa\RU.98293548.506180-01 12 01\tessa-gos-tessa\src\Libraries\Tessa\Platform\Runtime\,UserSecurityLockingStrategy.cs,2021-06-23 17:21:11 +0300 MSK,3670,5f408dc32eba36ca02cf54d72401204a
C:\Users\forma\OneDrive\Документы\Tessa\RU.98293548.506180-01 12 01\tessa-gos-tessa\src\Libraries\Tessa\Platform\Runtime\,UserSecurityObject.cs,2021-06-23 17:21:11 +0300 MSK,8224,78fac3891e5f61adb4f239c6f5aae1d5
C:\Users\forma\OneDrive\Документы\Tessa\RU.98293548.506180-01 12 01\tessa-gos-tessa\src\Libraries\Tessa\Platform\Runtime\,UserSecurityProvider.cs,2021-06-23 17:21:11 +0300 MSK,3930,9972d11580faf65954c74f7e6b15662f
C:\Users\forma\OneDrive\Документы\Tessa\RU.98293548.506180-01 12 01\tessa-gos-tessa\src\Libraries\Tessa\Platform\Runtime\,WebProxy.cs,2021-06-23 17:21:11 +0300 MSK,43120,1488fc73ce38cec47350ad3e8a5e58de
C:\Users\forma\OneDrive\Документы\Tessa\RU.98293548.506180-01 12 01\tessa-gos-tessa\src\Libraries\Tessa\Platform\Runtime\,WebProxyFactory.cs,2021-06-23 17:21:11 +0300 MSK,4191,b5f6789518ce603aad3d75f6583249b4
C:\Users\forma\OneDrive\Документы\Tessa\RU.98293548.506180-01 12 01\tessa-gos-tessa\src\Libraries\Tessa\Platform\Runtime\,WebProxyFactoryBase.cs,2021-06-23 17:21:11 +0300 MSK,7066,95a57bb1faa93549a81cf8264790ac9e
C:\Users\forma\OneDrive\Документы\Tessa\RU.98293548.506180-01 12 01\tessa-gos-tessa\src\Libraries\Tessa\Platform\Runtime\,WindowsAuthenticationService.cs,2021-06-23 17:21:11 +0300 MSK,4246,31bb24f0146bb2113db676d0a2775fdc
C:\Users\forma\OneDrive\Документы\Tessa\RU.98293548.506180-01 12 01\tessa-gos-tessa\src\Libraries\Tessa\Platform\Runtime\,WindowsImpersonationContext.cs,2021-06-23 17:21:11 +0300 MSK,2265,aaed1939ffad57cebcb23f6565ae1e28
C:\Users\forma\OneDrive\Документы\Tessa\RU.98293548.506180-01 12 01\tessa-gos-tessa\src\Libraries\Tessa\Platform\Runtime\,WindowsNativeMethods.cs,2021-06-23 17:21:11 +0300 MSK,3397,5e6fbc940d374f914c292956873b04e6
C:\Users\forma\OneDrive\Документы\Tessa\RU.98293548.506180-01 12 01\tessa-gos-tessa\src\Libraries\Tessa\Platform\Runtime\,WindowsProcessManagerFactory.cs,2021-06-23 17:21:11 +0300 MSK,3025,ca8df7a4d0fe5a0113071cb37128b5d3
